block,mode,model,delta
Visual,raw,logreg,-0.037581699346405206
Visual,raw,logreg,0.04357298474945537
Visual,raw,logreg,-0.11819172113289766
Visual,raw,logreg,0.021786492374727684
Visual,raw,logreg,0.03703703703703698
Visual,raw,logreg,-0.015250544662309351
Visual,raw,logreg,0.028867102396514133
Visual,raw,svm,0.006535947712418277
Visual,raw,svm,-0.0408496732026144
Visual,raw,svm,0.02941176470588236
Visual,raw,svm,0.007080610021786504
Visual,raw,svm,0.033224400871459725
Visual,raw,svm,-0.08877995642701525
Visual,raw,svm,-0.0408496732026144
Visual,raw,rf,0.09858387799564272
Visual,raw,rf,0.07734204793028315
Visual,raw,rf,0.0032679738562091387
Visual,raw,rf,0.1029411764705882
Visual,raw,rf,0.08769063180827891
Visual,raw,rf,0.08496732026143794
Visual,raw,rf,0.09531590413943358
Visual,raw,xgb,0.06209150326797386
Visual,raw,xgb,0.14324618736383443
Visual,raw,xgb,0.1399782135076253
Visual,raw,xgb,0.14379084967320266
Visual,raw,xgb,0.033224400871459725
Visual,raw,xgb,0.0702614379084967
Visual,raw,xgb,-0.0038126361655773655
Visual,raw,mlp,-0.02015250544662306
Visual,raw,mlp,-0.11220043572984745
Visual,raw,mlp,0.010893246187363814
Visual,raw,mlp,0.08605664488017428
Visual,raw,mlp,0.02941176470588236
Visual,raw,mlp,0.14542483660130717
Visual,raw,mlp,0.04411764705882354
Visual,pca,logreg,-0.07461873638344219
Visual,pca,logreg,0.12527233115468406
Visual,pca,logreg,0.06971677559912859
Visual,pca,logreg,0.13997821350762524
Visual,pca,logreg,0.08442265795206966
Visual,pca,logreg,0.07734204793028326
Visual,pca,logreg,0.09204793028322444
Visual,pca,svm,-0.0490196078431373
Visual,pca,svm,0.02559912854030494
Visual,pca,svm,-0.06318082788671026
Visual,pca,svm,-0.144880174291939
Visual,pca,svm,-0.07788671023965138
Visual,pca,svm,-0.07407407407407407
Visual,pca,svm,-0.09313725490196079
Visual,pca,rf,-0.022331154684095855
Visual,pca,rf,0.05882352941176472
Visual,pca,rf,-0.022331154684095855
Visual,pca,rf,0.07352941176470584
Visual,pca,rf,-0.07026143790849676
Visual,pca,rf,0.040305010893246174
Visual,pca,rf,0.02941176470588236
Visual,pca,xgb,-0.022331154684095855
Visual,pca,xgb,0.12527233115468406
Visual,pca,xgb,0.04738562091503262
Visual,pca,xgb,0.014705882352941124
Visual,pca,xgb,0.07352941176470584
Visual,pca,xgb,0.040305010893246174
Visual,pca,xgb,0.06590413943355117
Visual,pca,mlp,0.01089324618736387
Visual,pca,mlp,-0.09259259259259256
Visual,pca,mlp,0.0
Visual,pca,mlp,0.04139433551198263
Visual,pca,mlp,0.1416122004357298
Visual,pca,mlp,0.022875816993464082
Visual,pca,mlp,0.10294117647058826
Audio,raw,logreg,-0.01851851851851849
Audio,raw,logreg,0.021786492374727684
Audio,raw,logreg,-0.11819172113289766
Audio,raw,logreg,0.0
Audio,raw,logreg,0.03703703703703698
Audio,raw,logreg,-0.010893246187363814
Audio,raw,logreg,0.03322440087145967
Audio,raw,svm,0.02178649237472763
Audio,raw,svm,-0.05555555555555558
Audio,raw,svm,0.0
Audio,raw,svm,-0.0076252723311546755
Audio,raw,svm,0.0038126361655773655
Audio,raw,svm,-0.03322440087145967
Audio,raw,svm,0.01470588235294118
Audio,raw,rf,0.0
Audio,raw,rf,0.047930283224400794
Audio,raw,rf,0.01470588235294118
Audio,raw,rf,0.07352941176470584
Audio,raw,rf,0.09912854030501095
Audio,raw,rf,0.0408496732026144
Audio,raw,rf,0.05119825708061004
Audio,raw,xgb,-0.007080610021786615
Audio,raw,xgb,0.010893246187363814
Audio,raw,xgb,-0.03649237472766881
Audio,raw,xgb,0.011437908496732041
Audio,raw,xgb,-0.14324618736383438
Audio,raw,xgb,0.014705882352941124
Audio,raw,xgb,-0.059368191721132946
Audio,raw,mlp,-0.07407407407407407
Audio,raw,mlp,-0.0713507625272331
Audio,raw,mlp,0.13997821350762524
Audio,raw,mlp,0.12690631808278863
Audio,raw,mlp,0.15849673202614378
Audio,raw,mlp,0.1367102396514161
Audio,raw,mlp,0.035403050108932466
Audio,pca,logreg,0.03703703703703709
Audio,pca,logreg,0.00381263616557731
Audio,pca,logreg,-0.010893246187363759
Audio,pca,logreg,0.01851851851851849
Audio,pca,logreg,0.00381263616557731
Audio,pca,logreg,-0.01470588235294118
Audio,pca,logreg,0.0
Audio,pca,svm,0.014161220043572953
Audio,pca,svm,0.12636165577342046
Audio,pca,svm,0.00381263616557731
Audio,pca,svm,-0.044117647058823484
Audio,pca,svm,-0.010893246187363814
Audio,pca,svm,0.022875816993464027
Audio,pca,svm,0.00381263616557731
Audio,pca,rf,-0.01851851851851849
Audio,pca,rf,0.051742919389978215
Audio,pca,rf,0.01470588235294118
Audio,pca,rf,0.06644880174291934
Audio,pca,rf,-0.033224400871459725
Audio,pca,rf,-0.037037037037037035
Audio,pca,rf,-0.04793028322440085
Audio,pca,xgb,0.0038126361655773655
Audio,pca,xgb,0.08115468409586057
Audio,pca,xgb,-0.0038126361655773655
Audio,pca,xgb,-0.02941176470588236
Audio,pca,xgb,0.022331154684095855
Audio,pca,xgb,0.02941176470588236
Audio,pca,xgb,0.05501089324618735
Audio,pca,mlp,-0.10675381263616546
Audio,pca,mlp,-0.08169934640522875
Audio,pca,mlp,-0.08932461873638348
Audio,pca,mlp,0.05228758169934644
Audio,pca,mlp,0.05228758169934633
Audio,pca,mlp,-0.07952069716775595
Audio,pca,mlp,0.0005446623093682268
CLIP,raw,logreg,0.01089324618736387
CLIP,raw,logreg,-0.02995642701525053
CLIP,raw,logreg,-0.14379084967320271
CLIP,raw,logreg,0.02941176470588236
CLIP,raw,logreg,-0.0408496732026144
CLIP,raw,logreg,-0.036492374727668864
CLIP,raw,logreg,-0.04466230936819171
CLIP,raw,svm,-0.05882352941176472
CLIP,raw,svm,-0.08877995642701525
CLIP,raw,svm,0.02941176470588236
CLIP,raw,svm,-0.08823529411764702
CLIP,raw,svm,-0.08877995642701525
CLIP,raw,svm,-0.00381263616557731
CLIP,raw,svm,-0.07788671023965144
CLIP,raw,rf,-0.16176470588235303
CLIP,raw,rf,-0.09259259259259267
CLIP,raw,rf,-0.1111111111111111
CLIP,raw,rf,-0.08823529411764719
CLIP,raw,rf,-0.029411764705882304
CLIP,raw,rf,-0.08496732026143788
CLIP,raw,rf,-0.07734204793028321
CLIP,raw,xgb,-0.055555555555555636
CLIP,raw,xgb,-0.11873638344226578
CLIP,raw,xgb,-0.06263616557734197
CLIP,raw,xgb,-0.03703703703703698
CLIP,raw,xgb,-0.13235294117647056
CLIP,raw,xgb,-0.011437908496732041
CLIP,raw,xgb,-0.04847494553376913
CLIP,raw,mlp,-0.18790849673202614
CLIP,raw,mlp,-0.09313725490196079
CLIP,raw,mlp,-0.05991285403050112
CLIP,raw,mlp,0.013071895424836555
CLIP,raw,mlp,0.07461873638344224
CLIP,raw,mlp,-0.06318082788671026
CLIP,raw,mlp,-0.048474945533769076
CLIP,pca,logreg,0.025599128540304994
CLIP,pca,logreg,-0.20751633986928103
CLIP,pca,logreg,-0.02995642701525053
CLIP,pca,logreg,0.007080610021786393
CLIP,pca,logreg,-0.022331154684095855
CLIP,pca,logreg,-0.03376906318082795
CLIP,pca,logreg,-0.026143790849673165
CLIP,pca,svm,-0.03703703703703709
CLIP,pca,svm,0.0005446623093681713
CLIP,pca,svm,0.007080610021786504
CLIP,pca,svm,-0.09531590413943353
CLIP,pca,svm,-0.00381263616557731
CLIP,pca,svm,0.02614379084967322
CLIP,pca,svm,0.010893246187363814
CLIP,pca,rf,-0.06644880174291934
CLIP,pca,rf,-0.07734204793028321
CLIP,pca,rf,-0.022331154684095855
CLIP,pca,rf,0.01851851851851849
CLIP,pca,rf,0.040305010893246174
CLIP,pca,rf,-0.07407407407407407
CLIP,pca,rf,0.02559912854030505
CLIP,pca,xgb,-0.05501089324618735
CLIP,pca,xgb,-0.12527233115468406
CLIP,pca,xgb,-0.07026143790849676
CLIP,pca,xgb,-0.08823529411764708
CLIP,pca,xgb,-0.07734204793028321
CLIP,pca,xgb,-0.037037037037037035
CLIP,pca,xgb,-0.04466230936819171
CLIP,pca,mlp,-0.1519607843137254
CLIP,pca,mlp,-0.023420479302832253
CLIP,pca,mlp,0.05446623093681913
CLIP,pca,mlp,0.007080610021786504
CLIP,pca,mlp,0.07734204793028321
CLIP,pca,mlp,0.06427015250544665
CLIP,pca,mlp,0.025599128540305105
DINOv2,raw,logreg,-0.00762527233115462
DINOv2,raw,logreg,-0.026688453159041337
DINOv2,raw,logreg,-0.0005446623093681713
DINOv2,raw,logreg,0.04793028322440085
DINOv2,raw,logreg,-0.05936819172113289
DINOv2,raw,logreg,-0.03322440087145967
DINOv2,raw,logreg,-0.02614379084967322
DINOv2,raw,svm,0.052287581699346386
DINOv2,raw,svm,0.0076252723311546755
DINOv2,raw,svm,0.0702614379084967
DINOv2,raw,svm,0.03431372549019612
DINOv2,raw,svm,0.022331154684095855
DINOv2,raw,svm,0.09259259259259262
DINOv2,raw,svm,0.04466230936819171
DINOv2,raw,rf,-0.15795206971677567
DINOv2,raw,rf,-0.047930283224400905
DINOv2,raw,rf,-0.033224400871459725
DINOv2,raw,rf,-0.05882352941176472
DINOv2,raw,rf,-0.02559912854030494
DINOv2,raw,rf,-0.04030501089324612
DINOv2,raw,rf,-0.04793028322440074
DINOv2,raw,xgb,0.02614379084967311
DINOv2,raw,xgb,-0.08115468409586052
DINOv2,raw,xgb,0.02233115468409591
DINOv2,raw,xgb,-0.11002178649237465
DINOv2,raw,xgb,-0.05065359477124182
DINOv2,raw,xgb,0.02614379084967322
DINOv2,raw,xgb,-0.1214596949891068
DINOv2,raw,mlp,-0.19498910675381265
DINOv2,raw,mlp,-0.011982570806100212
DINOv2,raw,mlp,-0.19008714596949888
DINOv2,raw,mlp,0.037581699346405206
DINOv2,raw,mlp,0.06753812636165574
DINOv2,raw,mlp,0.01797385620915032
DINOv2,raw,mlp,-0.023965141612200425
DINOv2,pca,logreg,0.0038126361655773655
DINOv2,pca,logreg,-0.18845315904139426
DINOv2,pca,logreg,0.00381263616557731
DINOv2,pca,logreg,-0.029411764705882415
DINOv2,pca,logreg,-0.044117647058823484
DINOv2,pca,logreg,-0.01470588235294118
DINOv2,pca,logreg,-0.06263616557734197
DINOv2,pca,svm,-0.02941176470588236
DINOv2,pca,svm,-0.02559912854030505
DINOv2,pca,svm,0.10348583877995643
DINOv2,pca,svm,-0.05446623093681913
DINOv2,pca,svm,0.003812636165577421
DINOv2,pca,svm,0.0
DINOv2,pca,svm,0.051742919389978215
DINOv2,pca,rf,-0.06590413943355117
DINOv2,pca,rf,-0.0326797385620915
DINOv2,pca,rf,0.05936819172113289
DINOv2,pca,rf,-0.0806100217864924
DINOv2,pca,rf,0.040849673202614345
DINOv2,pca,rf,-0.02941176470588236
DINOv2,pca,rf,-0.07352941176470584
DINOv2,pca,xgb,-0.036492374727668864
DINOv2,pca,xgb,-0.11383442265795207
DINOv2,pca,xgb,0.026143790849673165
DINOv2,pca,xgb,-0.017973856209150374
DINOv2,pca,xgb,-0.05882352941176472
DINOv2,pca,xgb,-0.02559912854030505
DINOv2,pca,xgb,0.025599128540304994
DINOv2,pca,mlp,-0.20697167755991275
DINOv2,pca,mlp,-0.1786492374727669
DINOv2,pca,mlp,-0.09313725490196079
DINOv2,pca,mlp,-0.04793028322440096
DINOv2,pca,mlp,0.022331154684095855
DINOv2,pca,mlp,-0.09095860566448799
DINOv2,pca,mlp,-0.02941176470588236
