participant,train,val,test
P01,0.5458715596330275,0.48214285714285715,0.4426229508196721
P02,0.5321100917431193,0.42857142857142855,0.47540983606557374
P03,0.4954128440366973,0.5357142857142857,0.47540983606557374
P04,0.5504587155963303,0.5535714285714286,0.36065573770491804
P05,0.5412844036697247,0.5,0.3770491803278688
P06,0.5275229357798165,0.42857142857142855,0.47540983606557374
P07,0.536697247706422,0.4107142857142857,0.4918032786885246
P08,0.4908256880733945,0.48214285714285715,0.5573770491803278
P09,0.5137614678899083,0.4107142857142857,0.5573770491803278
ALL,0.5259938837920488,0.4702380952380952,0.4681238615664845
