feature,group,label,count,mean,std,min,25%,50%,75%,max
lum_mean,colour_luminance,Mean luminance,363.0,0.20730243623256683,0.08016851544380188,0.08759787678718567,0.13446728140115738,0.19509968161582947,0.2450135126709938,0.4322458803653717
lum_sd,colour_luminance,Luminance variability,363.0,0.008977289805370775,0.01614914253136848,7.85961965448223e-05,0.0009003321756608784,0.0021424279548227787,0.00947500392794609,0.12813937664031982
rms_mean,colour_luminance,RMS contrast,363.0,0.18951921164989471,0.04761390760540962,0.09962085634469986,0.14000000059604645,0.1964559257030487,0.227216899394989,0.32542696595191956
rms_sd,colour_luminance,Contrast variability,363.0,0.006781289014482156,0.011257277794435363,9.629595297155902e-05,0.0009996137232519686,0.0024587074294686317,0.007881394354626536,0.08696536719799042
sat_mean,colour_luminance,Mean saturation,363.0,0.2562088370323181,0.03399164229631424,0.10649170726537704,0.2315540313720703,0.25283968448638916,0.26955546438694,0.3706679940223694
sat_sd,colour_luminance,Saturation variability,363.0,0.007651983891224448,0.011157584294727692,0.0003257809148635715,0.0010768751963041723,0.002466623205691576,0.010152509436011314,0.09214073419570923
hue_cos,colour_luminance,Hue direction (cos),363.0,0.17166481912136078,0.047416701912879944,-0.04605145379900932,0.1366855725646019,0.16969379782676697,0.2042814865708351,0.300593763589859
hue_sin,colour_luminance,Hue direction (sin),363.0,0.12714369595050812,0.035266149789094925,0.05327954888343811,0.10266116261482239,0.12699267268180847,0.14607363939285278,0.30869537591934204
colorful_mean,colour_luminance,Colourfulness,363.0,0.08101514726877213,0.022828565910458565,0.0451379120349884,0.06372329220175743,0.07665233314037323,0.08694110810756683,0.17997877299785614
colorful_sd,colour_luminance,Colourfulness variability,363.0,0.0037319859009024114,0.0071809189967230805,5.0962782552232966e-05,0.00033599942980799824,0.0007331555243581533,0.0034329118207097054,0.050985027104616165
R_mean,colour_luminance,Mean red,363.0,0.22903497517108917,0.08628485351800919,0.09041251987218857,0.1484905630350113,0.2162485122680664,0.2785845547914505,0.4461362361907959
G_mean,colour_luminance,Mean green,363.0,0.20399369299411774,0.08074143528938293,0.0910569429397583,0.1310923919081688,0.19032706320285797,0.23886408656835556,0.43503499031066895
B_mean,colour_luminance,Mean blue,363.0,0.16744251549243927,0.06321094930171967,0.06265203654766083,0.11055229231715202,0.16389423608779907,0.1974681243300438,0.41041749715805054
lab_a,colour_luminance,CIELAB a*,363.0,0.5067979693412781,0.004781599156558514,0.47902774810791016,0.5051088929176331,0.5067268013954163,0.5096776783466339,0.5306277275085449
lab_b,colour_luminance,CIELAB b*,363.0,0.5264767408370972,0.012260232120752335,0.5102936029434204,0.5174942314624786,0.5221219062805176,0.5302073657512665,0.5663608312606812
lum_entropy,colour_luminance,Luminance entropy,363.0,5.959684247433294,0.31912701423031875,4.671874405300523,5.674394700327623,6.002945591663037,6.246366744695199,6.52014592264665
dark_frac,colour_luminance,Dark-pixel fraction,363.0,0.5895746290884145,0.1653734596858007,0.26491656908665095,0.4865400565964091,0.6150043911007025,0.7452271174863387,0.8875907494145198
bright_frac,colour_luminance,Bright-pixel fraction,363.0,0.011529113790663716,0.016287256505317593,7.02576112412178e-05,0.00196623731459797,0.005577673692427791,0.01581967213114754,0.14094750195160033
hue_h0,hue_distribution,Hue red–orange,363.0,0.728999674320221,0.17091332376003265,0.022294897586107254,0.6431680917739868,0.7559501528739929,0.8527638912200928,0.9903558492660522
hue_h1,hue_distribution,Hue orange–yellow,363.0,0.1754847764968872,0.15126030147075653,0.0020026022102683783,0.04391060769557953,0.15606431663036346,0.2351825013756752,0.8925577998161316
hue_h2,hue_distribution,Hue yellow–green,363.0,0.020633071660995483,0.03813667967915535,1.9897064703400247e-05,0.0023737328592687845,0.006265776697546244,0.02477428037673235,0.39361053705215454
hue_h3,hue_distribution,Hue green,363.0,0.004550292156636715,0.007166055962443352,1.8607515528401564e-07,0.0003735321806743741,0.0018361579859629273,0.005634289933368564,0.07243934273719788
hue_h4,hue_distribution,Hue cyan,363.0,0.028327418491244316,0.03294767066836357,2.5232331609004177e-05,0.005849525099620223,0.016048941761255264,0.03961226902902126,0.3376847207546234
hue_h5,hue_distribution,Hue blue,363.0,0.03375062718987465,0.03945963457226753,5.6603246775921434e-05,0.005526762455701828,0.019239768385887146,0.04059845954179764,0.1960851550102234
hue_h6,hue_distribution,Hue violet,363.0,0.002828430151566863,0.0031181559897959232,1.6059999325079843e-05,0.0007484625675715506,0.002603504341095686,0.0036007625749334693,0.027268270030617714
hue_h7,hue_distribution,Hue magenta,363.0,0.0054257214069366455,0.005010751076042652,0.0,0.0013117672642692924,0.004540038760751486,0.007418639957904816,0.026036277413368225
warmth,hue_distribution,Warmth (red − blue),363.0,0.0615924634039402,0.02796994335949421,0.0032357443124055862,0.03856631554663181,0.0550604872405529,0.07025664299726486,0.14234864711761475
edge_mean,texture,Edge density,363.0,0.06938587358576181,0.028073262896494422,0.01889588212334114,0.04946233411397346,0.06330210772833725,0.07682864949258393,0.16326795472287275
edge_sd,texture,Edge-density variability,363.0,0.00441832448889417,0.006089616105425934,0.00027583267787821336,0.0011864156440939402,0.0019423376964211037,0.004711745383852243,0.03883291977792963
sobel_mean,texture,Mean gradient,363.0,0.17834271490573883,0.05468539521098137,0.058198682963848114,0.13625239580869675,0.16790643334388733,0.20443901419639587,0.33474403619766235
sobel_sd,texture,Gradient variability,363.0,0.00905150982312994,0.01239127966841848,0.0002954856026917696,0.0018790159956552088,0.003892923705279827,0.01097788056358695,0.08967460691928864
lapvar_mean,texture,Sharpness,363.0,0.01209208182990551,0.006888177245855331,0.00253976765088737,0.007807368412613869,0.009362609125673771,0.01467729639261961,0.034263379871845245
lapvar_sd,texture,Sharpness variability,363.0,0.0011212961833549473,0.0014587408155439525,4.923572123516351e-05,0.0002759504859568551,0.0005654866108670831,0.0012238170602358878,0.0085034454241395
hf_ratio_mean,texture,High/low spatial-freq. ratio,363.0,0.058438132877469025,0.0245958330150937,0.013767352764252111,0.03787201839760971,0.05638404049081267,0.0740595229028832,0.1622427227219427
hf_ratio_sd,texture,Spatial-freq. ratio variability,363.0,0.00794605755548641,0.010358396657072515,0.00029308746703702335,0.002979593386399427,0.0050145540591590414,0.00848042426403872,0.10312737297898723
spec_centroid,texture,Spatial spectral centroid,363.0,0.09548788127953785,0.0211530589840616,0.033598789074913905,0.07972188746141773,0.09633725348916898,0.11007428504372654,0.1653259315094802
lbp_entropy,texture,Texture entropy (LBP),363.0,2.6720883349387496,0.19233593980980102,1.7511807985231296,2.584156718613218,2.636575503501008,2.706735243917273,3.1350123079788874
center_surround,texture,Centre–surround luminance,363.0,0.09138873219490051,0.036266863346099854,-0.005966854747384787,0.07008739188313484,0.08650456368923187,0.11652489006519318,0.1935289204120636
flow_mean,motion,Mean optical flow,363.0,1.0287635150342922,1.1150926212737835,0.04421948827803135,0.374876169487834,0.7047804541885853,1.125071370601654,6.669616436958313
flow_sd,motion,Optical-flow variability,363.0,0.6621452652564087,0.6247244692347921,0.012623592919262315,0.1537989639752056,0.3965470078586216,1.0815075836483679,3.337888089652499
flow_max,motion,Max optical flow,363.0,2.931859600724596,2.615412950420448,0.06910783797502518,0.7585386335849762,1.7275031805038452,4.9602954387664795,11.016983032226562
flow_p90,motion,Optical flow (90th pct.),363.0,2.7864873605728167,2.769273560571354,0.02116450416506268,0.964363569021225,1.979109075665474,3.47907811999321,15.205171370506287
flow_x,motion,Horizontal motion,363.0,0.6933187505239868,0.8276113990720223,0.014534961897879839,0.21904256734997035,0.42796394899487494,0.7840555094182491,6.143303275108337
flow_y,motion,Vertical motion,363.0,0.5581508130192553,0.5875485551940733,0.016599118965677916,0.21150140482932328,0.39402359277009963,0.64947716423776,4.358296512812376
flow_dir_entropy,motion,Motion-direction entropy,363.0,2.2675757029250305,0.29195112851767846,0.8942043244838714,2.1523650527000426,2.3278337717056274,2.459633070230484,2.78751859664917
moving_frac,motion,Moving-pixel fraction,363.0,0.19557124900269462,0.16469791877926368,0.0017169203747072603,0.07931132903981265,0.14342944964871193,0.24966993559718967,0.7608167447306793
fdiff_mean,motion,Mean frame difference,363.0,0.019317710738528993,0.015883605195032652,0.0009800975094549358,0.008590159233426674,0.015069403068628162,0.023848556936718522,0.09963475279510021
fdiff_sd,motion,Frame-difference variability,363.0,0.013542896707247305,0.01471692207646422,0.00034864458594008395,0.0024046381648139444,0.005779671859346126,0.023633908513138804,0.08039673337129324
fdiff_max,motion,Max frame difference,363.0,0.06420730868708496,0.0656939365726483,0.0021277416963130236,0.014373689889907837,0.030309846624732018,0.11024313792586327,0.36760926246643066
global_motion,motion,Global (camera) motion,363.0,0.23887469650735163,0.6986539534473706,8.907250112133447e-06,0.004791986562983673,0.04242498663303991,0.16032251944260756,7.251212954521179
local_motion,motion,Local (object) motion,363.0,0.9905372220977383,1.0445755843231188,0.04421884603798389,0.34132431093603377,0.6934643507003784,1.0997188095003367,5.942557621002197
motion_center,motion,Central motion,363.0,1.7933612590713457,1.6061396657694362,0.031236452469602227,0.7415912825614214,1.3244762863963842,2.2771008610725403,10.09662880897522
motion_periphery,motion,Peripheral motion,363.0,0.7731011436955433,0.9814601378398945,0.027084873197600244,0.20033305864781142,0.4416898533701897,0.8343922758474946,5.523709011077881
n_cuts,temporal_editing,Number of cuts,363.0,0.9476584022038568,2.3469773140835586,0.0,0.0,0.0,1.0,19.0
time_since_cut,temporal_editing,Time since last cut,363.0,13.230303030303052,17.27657586632332,0.0,2.200000000000017,6.400000000000091,17.400000000000006,97.20000000000005
mean_shot_len,temporal_editing,Mean shot length,363.0,3.1009372782100053,1.2233244509045607,0.2,2.0,4.0,4.0,4.0
hist_change_mean,temporal_editing,Mean colour change,363.0,0.05686462074146665,0.024126245335905523,0.025123683059207952,0.039998850339340086,0.05081796043262957,0.06554271400605433,0.18572477421971095
hist_change_max,temporal_editing,Max colour change,363.0,0.1771644469752002,0.1719733644966692,0.034356920060723634,0.06349646967899508,0.0796857021310294,0.3036510302519772,0.7507771852828492
lum_change_mean,temporal_editing,Luminance change,363.0,0.0020351982675492764,0.0030348121654242277,4.3264775740681216e-05,0.0003985010116593912,0.000816033803857863,0.0025941900676116347,0.023190902546048164
lum_change_sd,temporal_editing,Luminance-change variability,363.0,0.004434156235470693,0.009122375766410826,3.6661494959844276e-05,0.00033854857611004263,0.0007639473769813776,0.004020898602902889,0.08089573681354523
sat_change,temporal_editing,Saturation change,363.0,0.0020158570259809494,0.002368162153288722,0.00027309433789923787,0.0006043940666131675,0.0011020675301551819,0.0024901237338781357,0.014929162338376045
motion_change,temporal_editing,Motion change,363.0,0.37807656735207823,0.3557283380865299,0.00973675176501274,0.09343201406300068,0.23868771642446518,0.5907000184059144,2.2157289385795593
edge_change,temporal_editing,Edge-density change,363.0,0.0015300721178142936,0.0012428896402588612,0.0002576112412177971,0.0008191842310694768,0.001204137392661983,0.001829381342701016,0.01282347775175644
lumgrid_00,composition,Luminance top-left,363.0,0.16507587292111037,0.07404090100689655,0.06160700069740414,0.11531630586832761,0.15022223442792892,0.17434005178511142,0.45347764492034914
lumgrid_01,composition,Luminance top-centre,363.0,0.25226485248880853,0.11239035157588742,0.0722296031191945,0.1779541779309511,0.20781377330422401,0.279974814504385,0.7193736642599106
lumgrid_02,composition,Luminance top-right,363.0,0.1575494042459167,0.07314655250149431,0.025994567293673755,0.1091849960386753,0.13550173565745355,0.18309410102665424,0.4192474067211151
lumgrid_10,composition,Luminance middle-left,363.0,0.17354485911981668,0.07036744265615381,0.05441611791029573,0.12224938608705997,0.14390474781394005,0.22462911084294318,0.4055993854999542
lumgrid_11,composition,Luminance middle-centre,363.0,0.30604817276723045,0.10430800359179032,0.10341330915689469,0.22743208482861518,0.29366531521081923,0.35460505113005636,0.5767776250839234
lumgrid_12,composition,Luminance middle-right,363.0,0.17936068789381787,0.07224702225980248,0.03255212251096964,0.11331296265125274,0.16914224848151208,0.2194067731499672,0.3676199153065681
lumgrid_20,composition,Luminance bottom-left,363.0,0.17921861971140973,0.09306919092158271,0.03126757275313139,0.09311649659648538,0.16324370130896568,0.2502597264945507,0.4522802844643593
lumgrid_21,composition,Luminance bottom-centre,363.0,0.2849965602195419,0.15480616376091738,0.060851786844432355,0.12125920075923205,0.2802188843488693,0.4127661161124706,0.6890447735786438
lumgrid_22,composition,Luminance bottom-right,363.0,0.16848350105853369,0.08649831059693616,0.04456742871552706,0.08373208958655595,0.15590815097093583,0.24521120823919773,0.3912839949131012
motgrid_00,composition,Motion top-left,363.0,0.6762082797616386,1.1162026020639637,0.013262204756028951,0.10255106915719807,0.30937253721058366,0.6579537188634277,11.635053265187889
motgrid_01,composition,Motion top-centre,363.0,1.4026250504558193,1.5228836380599018,0.018587853526696563,0.46406558332964776,0.9645753480494023,1.6712626747786998,10.615750382095575
motgrid_02,composition,Motion top-right,363.0,0.6484031586799607,0.9394039742936252,0.00024207442858141802,0.10272460151463747,0.30104466238990424,0.6804391432794091,6.090014123916626
motgrid_10,composition,Motion middle-left,363.0,0.7510807126526626,0.9947452261758317,0.006498858052401602,0.15675621191039682,0.34467089131940154,0.8427026564328116,5.936408138275146
motgrid_11,composition,Motion middle-centre,363.0,1.9844829044167263,1.693439130928199,0.04701338573358953,0.8208660192787647,1.5437303513288498,2.6039145901799206,10.496241354942322
motgrid_12,composition,Motion middle-right,363.0,0.9292714543310989,1.0745600908701256,0.0006929323390068021,0.2321645024785539,0.6206128790974617,1.1427610617130994,6.874395954608917
motgrid_20,composition,Motion bottom-left,363.0,0.6512965433742093,1.0220985251644963,0.008628979523200542,0.07557069330941886,0.25666595082730054,0.7345131079899148,6.292509767971933
motgrid_21,composition,Motion bottom-centre,363.0,1.468337961940451,1.8393640926841708,0.02513334364630282,0.34976158672943714,0.8829317852854729,1.7278472423553466,12.007754182815551
motgrid_22,composition,Motion bottom-right,363.0,0.7524903865614212,1.0075058645543884,0.007538440526332124,0.13618616540916262,0.4152657359838486,0.8606450900435447,5.967117003537714
shot_duration,shot_timing,Shot duration,363.0,26.961983471074383,26.060664213703287,0.599999999999909,7.699999999999996,19.0,38.599999999999966,97.40000000000009
shot_elapsed,shot_timing,Time into shot,363.0,13.211570247933908,17.01973435375129,0.0,2.1999999999999944,6.599999999999966,17.60000000000008,95.20000000000005
shot_remaining,shot_timing,Time until next cut,363.0,13.750413223140471,16.92723356064482,0.1999999999999318,2.8000000000000114,7.600000000000023,17.699999999999996,94.20000000000005
shot_position,shot_timing,Relative position in shot,363.0,0.4683210604200285,0.2965233429289739,0.0,0.21401308615049353,0.4724409448818899,0.7083333333333306,0.9952830188679261
prev_shot_duration,shot_timing,Previous shot duration,362.0,10.034806629834256,15.852331149426952,0.599999999999909,2.0,4.7999999999999545,10.599999999999909,97.40000000000009
next_shot_duration,shot_timing,Next shot duration,354.0,10.185310734463272,12.5283953533483,0.599999999999909,1.8000000000000682,5.399999999999977,13.0,97.40000000000009
cut_rate_30s,shot_timing,Cut rate (past 30 s),363.0,9.008123781593747,8.537195280205843,0.0,2.0,6.0,12.0,44.0
mean_shot_dur_30s,shot_timing,Mean shot duration (past 30 s),314.0,12.74154892389156,16.718791704313695,0.7000000000000455,4.024999999999999,7.225,13.683333333333385,97.40000000000009
flow_mean_lag1,temporal_context,Mean optical flow (−1 window),362.0,1.029456751165929,1.1165576699427617,0.04421948827803135,0.37287028785794973,0.7040001031011343,1.1276298068463801,6.669616436958313
flow_sd_lag1,temporal_context,Optical-flow variability (−1 window),362.0,0.6635393613813454,0.6250234604426023,0.012623592919262315,0.15371120163885915,0.39747778135231887,1.0821460687331066,3.337888089652499
flow_max_lag1,temporal_context,Max optical flow (−1 window),362.0,2.937390339226354,2.6169063310518923,0.06910783797502518,0.7557639628648758,1.7548789978027344,4.961382508277893,11.016983032226562
flow_p90_lag1,temporal_context,Optical flow (90th pct.) (−1 window),362.0,2.7871387960123437,2.7730786149870994,0.02116450416506268,0.961504103243351,1.977156413346529,3.481324377655983,15.205171370506287
flow_x_lag1,temporal_context,Horizontal motion (−1 window),362.0,0.6947926046835451,0.8282796995727855,0.014534961897879839,0.22281505344435573,0.4293600520119071,0.7855192091315985,6.143303275108337
flow_y_lag1,temporal_context,Vertical motion (−1 window),362.0,0.5578644570156974,0.5883364053715896,0.016599118965677916,0.21139499479904772,0.3925335862673819,0.6461770759895444,4.358296512812376
flow_dir_entropy_lag1,temporal_context,Motion-direction entropy (−1 window),362.0,2.268727518667503,0.29152813254387605,0.8942043244838714,2.152814419567585,2.3283998340368273,2.4597028315067293,2.78751859664917
moving_frac_lag1,temporal_context,Moving-pixel fraction (−1 window),362.0,0.19578232486274105,0.16487670098925705,0.0017169203747072603,0.07896552985948478,0.14372438524590164,0.2504172765417642,0.7608167447306793
fdiff_mean_lag1,temporal_context,Mean frame difference (−1 window),362.0,0.019318797903950923,0.015905575909745753,0.0009800975094549358,0.008558169778552838,0.015013995586195962,0.023855681379791348,0.09963475279510021
fdiff_sd_lag1,temporal_context,Frame-difference variability (−1 window),362.0,0.013568651927422177,0.014729097233187568,0.00034864458594008395,0.002393764148970401,0.0057809995715328005,0.023635049321972197,0.08039673337129324
fdiff_max_lag1,temporal_context,Max frame difference (−1 window),362.0,0.06431960784804426,0.0657499628948268,0.0021277416963130236,0.014357063453644514,0.030521881766617298,0.11039293743669987,0.36760926246643066
global_motion_lag1,temporal_context,Global (camera) motion (−1 window),362.0,0.23953310338228048,0.6995081672295927,8.907250112133447e-06,0.004848212524484585,0.042608609024578636,0.1609991909025087,7.251212954521179
local_motion_lag1,temporal_context,Local (object) motion (−1 window),362.0,0.9911248670001491,1.0459612774615479,0.04421884603798389,0.34099101452156905,0.6919969081878662,1.1092672364786267,5.942557621002197
motion_center_lag1,temporal_context,Central motion (−1 window),362.0,1.7969966897690839,1.6068664349643187,0.031236452469602227,0.7481126689352094,1.329446871462278,2.2781407624483108,10.09662880897522
motion_periphery_lag1,temporal_context,Peripheral motion (−1 window),362.0,0.772810583504633,0.9828029264582453,0.027084873197600244,0.20027527818456292,0.4414109107106924,0.8195943452417851,5.523709011077881
n_cuts_lag1,temporal_context,Number of cuts (−1 window),362.0,0.9502762430939227,2.3496949600901047,0.0,0.0,0.0,1.0,19.0
time_since_cut_lag1,temporal_context,Time since last cut (−1 window),362.0,13.181767955801128,17.275688621999677,0.0,2.200000000000003,6.400000000000034,17.05000000000004,97.20000000000005
mean_shot_len_lag1,temporal_context,Mean shot length (−1 window),362.0,3.0984536795310276,1.2241008629897707,0.2,2.0,4.0,4.0,4.0
hist_change_mean_lag1,temporal_context,Mean colour change (−1 window),362.0,0.056915408723801374,0.024140198616564277,0.025123683059207952,0.040090220670716124,0.05097414068559357,0.06557854557605747,0.18572477421971095
hist_change_max_lag1,temporal_context,Max colour change (−1 window),362.0,0.17750492440581764,0.1720888304240983,0.034356920060723634,0.06371827999557385,0.08006779186921964,0.30395504672249035,0.7507771852828492
lum_change_mean_lag1,temporal_context,Luminance change (−1 window),362.0,0.0020393021404743195,0.0030380033422261477,4.3264775740681216e-05,0.0003981560585089028,0.0008182994788512588,0.002611824544146657,0.023190902546048164
lum_change_sd_lag1,temporal_context,Luminance-change variability (−1 window),362.0,0.004444988983632155,0.009132663587273706,3.6661494959844276e-05,0.000337975965521764,0.000765124597819522,0.004032813711091876,0.08089573681354523
sat_change_lag1,temporal_context,Saturation change (−1 window),362.0,0.0020200256258249283,0.002370106754824519,0.00027309433789923787,0.0006059903535060585,0.001107868505641818,0.002491079503670335,0.014929162338376045
motion_change_lag1,temporal_context,Motion change (−1 window),362.0,0.3789074520925764,0.35586779268495444,0.00973675176501274,0.09478854481130838,0.23967313691973685,0.5920517537742853,2.2157289385795593
edge_change_lag1,temporal_context,Edge-density change (−1 window),362.0,0.0015298821276540687,0.0012446046250921329,0.0002576112412177971,0.000818940281030445,0.001203161592505856,0.0018321867681498835,0.01282347775175644
shot_duration_lag1,temporal_context,Shot duration (−1 window),362.0,26.940331491712705,26.093464606691605,0.599999999999909,7.649999999999995,19.0,40.49999999999997,97.40000000000009
shot_elapsed_lag1,temporal_context,Time into shot (−1 window),362.0,13.157458563535936,17.01199388388913,0.0,2.1999999999999913,6.499999999999972,17.400000000000034,95.20000000000005
shot_remaining_lag1,temporal_context,Time until next cut (−1 window),362.0,13.782872928176772,16.939345421307394,0.1999999999999318,3.0,7.699999999999989,17.849999999999998,94.20000000000005
shot_position_lag1,temporal_context,Relative position in shot (−1 window),362.0,0.4670110944664037,0.295880073759504,0.0,0.21387677208288275,0.47151459008800356,0.7062499999999995,0.9952830188679261
prev_shot_duration_lag1,temporal_context,Previous shot duration (−1 window),361.0,10.06038781163435,15.866849048821047,0.599999999999909,2.0,4.7999999999999545,10.599999999999909,97.40000000000009
next_shot_duration_lag1,temporal_context,Next shot duration (−1 window),354.0,10.18531073446327,12.5283953533483,0.599999999999909,1.8000000000000682,5.399999999999977,13.0,97.40000000000009
cut_rate_30s_lag1,temporal_context,Cut rate (past 30 s) (−1 window),362.0,9.033008101432404,8.535818311356383,0.0,2.0,6.0,12.0,44.0
mean_shot_dur_30s_lag1,temporal_context,Mean shot duration (past 30 s) (−1 window),314.0,12.74154892389156,16.718791704313695,0.7000000000000455,4.024999999999999,7.225,13.683333333333385,97.40000000000009
flow_mean_lag2,temporal_context,Mean optical flow (−2 window),361.0,1.0298457839586055,1.1180828006459158,0.04421948827803135,0.3708644062280655,0.7032197520136834,1.1301882430911063,6.669616436958313
flow_sd_lag2,temporal_context,Optical-flow variability (−2 window),361.0,0.6651089126785483,0.625176147970125,0.012623592919262315,0.15397448864789845,0.3984085548460161,1.0827845538178456,3.337888089652499
flow_max_lag2,temporal_context,Max optical flow (−2 window),361.0,2.9425169796659674,2.6187174050021946,0.06910783797502518,0.7529892921447754,1.7822548151016235,4.962469577789307,11.016983032226562
flow_p90_lag2,temporal_context,Optical flow (90th pct.) (−2 window),361.0,2.7842745460416816,2.7763911733396314,0.02116450416506268,0.958644637465477,1.9752037510275842,3.4745856046676638,15.205171370506287
flow_x_lag2,temporal_context,Horizontal motion (−2 window),361.0,0.6963211378401828,0.8289178586801483,0.014534961897879839,0.22282289415597917,0.43075615502893927,0.7869829088449478,6.143303275108337
flow_y_lag2,temporal_context,Vertical motion (−2 window),361.0,0.5572226995337333,0.5890260777914937,0.016599118965677916,0.21128858476877213,0.3910435797646642,0.6450475648045539,4.358296512812376
flow_dir_entropy_lag2,temporal_context,Motion-direction entropy (−2 window),361.0,2.2703742569090584,0.29024188616873736,0.8942043244838714,2.153008884191513,2.3289658963680266,2.4597725927829743,2.78751859664917
moving_frac_lag2,temporal_context,Moving-pixel fraction (−2 window),361.0,0.19596059551380607,0.16507059724976178,0.0017169203747072603,0.07861973067915691,0.14401932084309135,0.2511646174863388,0.7608167447306793
fdiff_mean_lag2,temporal_context,Mean frame difference (−2 window),361.0,0.019309328678316823,0.015926629847667538,0.0009800975094549358,0.008526180323679,0.01495858810376376,0.023862805822864173,0.09963475279510021
fdiff_sd_lag2,temporal_context,Frame-difference variability (−2 window),361.0,0.01360096253392469,0.014736687724840946,0.00034864458594008395,0.0024263861965010303,0.005782327283719474,0.02363619013080559,0.08039673337129324
fdiff_max_lag2,temporal_context,Max frame difference (−2 window),361.0,0.06442199555584269,0.06581231373169108,0.0021277416963130236,0.014340437017381191,0.03073391690850258,0.11054273694753647,0.36760926246643066
global_motion_lag2,temporal_context,Global (camera) motion (−2 window),361.0,0.24019317794695538,0.7003661286569952,8.907250112133447e-06,0.004912154570774875,0.04279223141611736,0.1616758623624098,7.251212954521179
local_motion_lag2,temporal_context,Local (object) motion (−2 window),361.0,0.9914077612817228,1.047399125934488,0.04421884603798389,0.3406577181071043,0.690529465675354,1.1188156634569169,5.942557621002197
motion_center_lag2,temporal_context,Central motion (−2 window),361.0,1.8007188973624637,1.6075330904333032,0.031236452469602227,0.7540513057261705,1.334417456528172,2.2791806638240812,10.09662880897522
motion_periphery_lag2,temporal_context,Peripheral motion (−2 window),361.0,0.7720850858956926,0.9840699088112989,0.027084873197600244,0.20021749772131442,0.44113196805119514,0.8130957294255495,5.523709011077881
n_cuts_lag2,temporal_context,Number of cuts (−2 window),361.0,0.9529085872576177,2.3524215927324486,0.0,0.0,0.0,1.0,19.0
time_since_cut_lag2,temporal_context,Time since last cut (−2 window),361.0,13.144044321329662,17.284729105910138,0.0,2.1999999999999886,6.399999999999977,16.600000000000023,97.20000000000005
mean_shot_len_lag2,temporal_context,Mean shot length (−2 window),361.0,3.0959563213025816,1.22487600037801,0.2,2.0,4.0,4.0,4.0
hist_change_mean_lag2,temporal_context,Mean colour change (−2 window),361.0,0.05696791270790882,0.024152996730638625,0.025123683059207952,0.04020717734768185,0.05113032093855756,0.06561437714606062,0.18572477421971095
hist_change_max_lag2,temporal_context,Max colour change (−2 window),361.0,0.17781968638813378,0.17222329524520813,0.034356920060723634,0.06366575706420233,0.08044988160740986,0.3042590631930035,0.7507771852828492
lum_change_mean_lag2,temporal_context,Luminance change (−2 window),361.0,0.0020431922748684883,0.0030413169879466295,4.3264775740681216e-05,0.0003978110908064991,0.0008205652120523155,0.0026294589042663574,0.023190902546048164
lum_change_sd_lag2,temporal_context,Luminance-change variability (−2 window),361.0,0.004455598965978929,0.009143104620631577,3.6661494959844276e-05,0.0003374033549334854,0.0007663018186576664,0.004044728819280863,0.08089573681354523
sat_change_lag2,temporal_context,Saturation change (−2 window),361.0,0.002024106914177537,0.002372121438384056,0.00027309433789923787,0.0006089687230996788,0.001113669597543776,0.002492035273462534,0.014929162338376045
motion_change_lag2,temporal_context,Motion change (−2 window),361.0,0.3797475509500874,0.356002067234214,0.00973675176501274,0.09856427535414695,0.24065855741500855,0.5934034891426563,2.2157289385795593
edge_change_lag2,temporal_context,Edge-density change (−2 window),361.0,0.0015284476830557843,0.0012460323559054592,0.0002576112412177971,0.0008186963309914131,0.001202185792349729,0.001823770491803281,0.01282347775175644
shot_duration_lag2,temporal_context,Shot duration (−2 window),361.0,26.9185595567867,26.126387557568098,0.599999999999909,7.599999999999994,19.0,42.39999999999998,97.40000000000009
shot_elapsed_lag2,temporal_context,Time into shot (−2 window),361.0,13.114127423822737,17.015589090117285,0.0,2.1999999999999886,6.399999999999977,16.800000000000068,95.20000000000005
shot_remaining_lag2,temporal_context,Time until next cut (−2 window),361.0,13.804432132963962,16.95788188658622,0.1999999999999318,3.0,7.7999999999999545,18.0,94.20000000000005
shot_position_lag2,temporal_context,Relative position in shot (−2 window),361.0,0.46601227144028134,0.2956789595005292,0.0,0.213740458015272,0.47058823529411714,0.700000000000017,0.9952830188679261
prev_shot_duration_lag2,temporal_context,Previous shot duration (−2 window),360.0,10.08611111111111,15.88139278038931,0.599999999999909,2.149999999999949,4.799999999999983,10.599999999999909,97.40000000000009
next_shot_duration_lag2,temporal_context,Next shot duration (−2 window),354.0,10.18531073446327,12.5283953533483,0.599999999999909,1.8000000000000682,5.399999999999977,13.0,97.40000000000009
cut_rate_30s_lag2,temporal_context,Cut rate (past 30 s) (−2 window),361.0,9.046949952128895,8.543536995599379,0.0,2.0,6.0,12.0,44.0
mean_shot_dur_30s_lag2,temporal_context,Mean shot duration (past 30 s) (−2 window),313.0,12.780020326204315,16.731636566905593,0.9600000000000136,4.099999999999994,7.25,13.800000000000068,97.40000000000009
cut_kernel_1s,temporal_context,Cut-response kernel (τ = 1 s),363.0,0.18145558621281896,0.36534435215994826,0.0,2.0722214143126976e-08,0.0015111079635365314,0.13203075870534184,2.214241871893469
cut_kernel_2s,temporal_context,Cut-response kernel (τ = 2 s),363.0,0.32618440993126546,0.5467409378615203,0.0,0.00016103923749137444,0.048407601749097424,0.4497849940351111,3.7827635960049015
cut_kernel_4s,temporal_context,Cut-response kernel (τ = 4 s),363.0,0.6203861095438042,0.8720091921391447,0.0,0.01842999399327277,0.31663678574964843,0.9932825279524795,6.318850038198709
aud_rms_mean,audio,Audio loudness (RMS),363.0,0.06642896853484842,0.029390056472983497,0.009672904167669178,0.04054385879624607,0.06843386329390842,0.09232197684825402,0.12362924990891798
aud_rms_sd,audio,Loudness variability,363.0,0.028562525442688204,0.011449569318752836,0.005693740703815506,0.022222058843757657,0.02667701986827031,0.033566565701328294,0.07806872446953501
aud_zcr,audio,Audio zero-crossing rate,363.0,0.14019595368739413,0.035871239235950036,0.07197368421052631,0.11395363408521303,0.1394674185463659,0.1605137844611529,0.2782017543859649
aud_centroid_mean,audio,Audio spectral centroid,363.0,1665.2906800764424,346.5059668106737,879.1465124726951,1430.7228880872226,1676.0359635906968,1870.6623591892126,2677.2854067624307
aud_centroid_sd,audio,Audio centroid variability,363.0,304.08180721680225,158.0029368032632,90.7303177762409,188.34611788561614,269.01457532145264,385.7352763036371,1092.685845052599
aud_bandwidth,audio,Audio bandwidth,363.0,1584.7386393402674,260.5555333118052,912.6860805429937,1420.9869809588117,1560.4194823878317,1759.364271474787,2182.1402335119037
aud_rolloff,audio,Audio roll-off,363.0,3224.615636031396,811.3001931965324,1365.8,2698.6,3153.7,3691.75,5382.1
aud_flatness,audio,Audio flatness,363.0,0.3649587455509689,0.10948053140488212,0.11176363365763604,0.30512831905088067,0.357205170721564,0.43418495396193124,0.6498167480617099
aud_flux_mean,audio,Audio spectral flux,363.0,0.07902623848084218,0.006743743620506952,0.061344716485157304,0.0754945522154547,0.07892433024423773,0.08316154136774395,0.10834484918097578
aud_flux_sd,audio,Audio flux variability,363.0,0.0176997725314784,0.004775522397623902,0.0072157087006988925,0.014296612430265684,0.016570376857218936,0.020859155424088595,0.03642941108710104
aud_onset_rate,audio,Audio onset rate,363.0,4.93732782369146,3.8540398937649805,0.0,2.0,4.0,6.5,18.75
aud_silence_frac,audio,Silence fraction,363.0,0.020881542699724517,0.06826465613457335,0.0,0.0,0.0,0.0025,0.71
