participant,count,mean,std,min,25%,50%,75%,max
P01,363.0,0.026300030256321362,0.07831718127094975,-0.2031492292881012,-0.026162248104810715,0.01958649791777134,0.0760357454419136,0.31599557399749756
P02,363.0,0.030451830909792692,0.07286649365628671,-0.18403147161006927,-0.020358888432383537,0.032770805060863495,0.07737136632204056,0.3202704191207886
P03,363.0,0.02433891658678897,0.07288478686801193,-0.1698422133922577,-0.027352210134267807,0.020052801817655563,0.06717304512858391,0.279479444026947
P04,363.0,0.04514963283606346,0.08232169109236678,-0.21752025187015533,-0.009852067567408085,0.04010901600122452,0.09780039265751839,0.2887476682662964
P05,363.0,0.03369383054487818,0.07716637244491778,-0.18480408191680908,-0.009062373079359531,0.035936467349529266,0.08249078691005707,0.23375320434570312
P06,363.0,0.0578999001450693,0.0723956504013216,-0.1261252611875534,0.008565757889300585,0.05274558067321777,0.10024242848157883,0.34455999732017517
P07,363.0,0.03580913809448809,0.07365710172223382,-0.18903571367263794,-0.020277359522879124,0.0316055566072464,0.0853675976395607,0.22417165338993073
P08,363.0,0.03941345862856971,0.06851326714221659,-0.14608687162399292,-0.006081967614591122,0.033168189227581024,0.08446389064192772,0.2814330458641052
P09,363.0,0.03896832615573257,0.07414726455786262,-0.19771519303321838,-0.015161238145083189,0.038671042770147324,0.08743521198630333,0.28056102991104126
