target,config,variant,participant,balanced_accuracy,roc_auc,pr_auc,f1,accuracy,brier
individual,Visual|pca|xgb,LOSO — same film,P01,0.6030471704845501,0.6318418611289517,0.6448755461155131,0.6099706744868035,0.6029850746268657,0.2423976317621299
individual,Visual|pca|xgb,LOSO — same film,P02,0.5941042275611321,0.6527054965423826,0.6654249986310993,0.592814371257485,0.5940298507462687,0.2326936828915523
individual,Visual|pca|xgb,LOSO — same film,P03,0.6148952095808383,0.6614271457085827,0.6592260902973028,0.6102719033232629,0.6149253731343284,0.23072222200932999
individual,Visual|pca|xgb,LOSO — same film,P04,0.6339113680154143,0.7003496753015057,0.7186830938386809,0.6283987915407855,0.6328358208955224,0.21877027936361293
individual,Visual|pca|xgb,LOSO — same film,P05,0.6599950096242959,0.7089898053753476,0.6778957168830865,0.6503067484662577,0.6597014925373135,0.21847690344671472
individual,Visual|pca|xgb,LOSO — same film,P06,0.6477936983176504,0.6821000855431993,0.6690046270844058,0.6445783132530121,0.6477611940298508,0.22892552498036486
individual,Visual|pca|xgb,LOSO — same film,P07,0.6419786096256684,0.7078431372549019,0.7089787886704266,0.6407185628742516,0.6417910447761194,0.21757447997376195
individual,Visual|pca|xgb,LOSO — same film,P08,0.6269069004847448,0.6650627316794981,0.6609818338532083,0.622356495468278,0.6268656716417911,0.2303284253807036
individual,Visual|pca|xgb,LOSO — same film,P09,0.6628466528837242,0.7000427746488915,0.6787324841167622,0.6586102719033232,0.6626865671641791,0.22112347177068603
individual,Visual|pca|xgb,LOSO — unseen film,P01,0.5827886710239651,0.5729847494553377,0.5035141721514773,0.5283018867924528,0.5901639344262295,0.2561195921537777
individual,Visual|pca|xgb,LOSO — unseen film,P02,0.5587284482758621,0.4989224137931034,0.4850555698763834,0.5573770491803278,0.5573770491803278,0.2745656891059757
individual,Visual|pca|xgb,LOSO — unseen film,P03,0.5431034482758621,0.5689655172413793,0.5939778824271917,0.5483870967741935,0.5409836065573771,0.25225649769875036
individual,Visual|pca|xgb,LOSO — unseen film,P04,0.49650349650349646,0.46969696969696967,0.3350341876443013,0.4,0.5081967213114754,0.28470093767394483
individual,Visual|pca|xgb,LOSO — unseen film,P05,0.4364988558352403,0.40045766590389015,0.3672619808132095,0.38596491228070173,0.4262295081967213,0.2978020738732507
individual,Visual|pca|xgb,LOSO — unseen film,P06,0.5339439655172413,0.5064655172413792,0.5281397618730352,0.5915492957746479,0.5245901639344263,0.26877446215042367
individual,Visual|pca|xgb,LOSO — unseen film,P07,0.41021505376344086,0.3763440860215054,0.4618084664920707,0.41935483870967744,0.4098360655737705,0.2876258305990591
individual,Visual|pca|xgb,LOSO — unseen film,P08,0.4537037037037037,0.46187363834422657,0.5527442335428276,0.5074626865671642,0.45901639344262296,0.27080177071461636
individual,Visual|pca|xgb,LOSO — unseen film,P09,0.6274509803921569,0.6230936819172114,0.6712242056171177,0.6349206349206349,0.6229508196721312,0.24127148781946947
individual,Visual|pca|svm,LOSO — same film,P01,0.5832084492970813,0.650681510026404,0.6609539426433222,0.5757575757575758,0.582089552238806,0.23903420270603276
individual,Visual|pca|svm,LOSO — same film,P02,0.6122834533399872,0.6411563413416981,0.63193798238384,0.5987654320987654,0.6119402985074627,0.23681334909134877
individual,Visual|pca|svm,LOSO — same film,P03,0.6178892215568863,0.6473481608212147,0.6400687702416984,0.6144578313253012,0.6179104477611941,0.2343193860646619
individual,Visual|pca|svm,LOSO — same film,P04,0.628131021194605,0.6640084207521588,0.6643390644501908,0.6200607902735562,0.6268656716417911,0.22908397534032704
individual,Visual|pca|svm,LOSO — same film,P05,0.6570898980537535,0.6804377272403224,0.6506109338861352,0.6439628482972136,0.6567164179104478,0.22324878742978213
individual,Visual|pca|svm,LOSO — same film,P06,0.6598410322212718,0.672512118619903,0.6582443325020484,0.64375,0.6597014925373135,0.2241196597443492
individual,Visual|pca|svm,LOSO — same film,P07,0.6544563279857397,0.7006417112299466,0.6727817178258888,0.639751552795031,0.6537313432835821,0.22499089837225092
individual,Visual|pca|svm,LOSO — same film,P08,0.6239841745081266,0.6523025377815796,0.645244764696133,0.6111111111111112,0.6238805970149254,0.23069332595651995
individual,Visual|pca|svm,LOSO — same film,P09,0.6419761887787838,0.692628502174378,0.6804243349930579,0.6363636363636364,0.6417910447761194,0.22368569919103135
individual,Visual|pca|svm,LOSO — unseen film,P01,0.46187363834422657,0.49673202614379086,0.4860073846479987,0.5,0.4426229508196721,0.27119921898212423
individual,Visual|pca|svm,LOSO — unseen film,P02,0.4978448275862069,0.580280172413793,0.5934784716163573,0.5373134328358209,0.4918032786885246,0.2493511632061263
individual,Visual|pca|svm,LOSO — unseen film,P03,0.4385775862068966,0.39224137931034486,0.44203859681140706,0.5333333333333333,0.4262295081967213,0.2775511478806368
individual,Visual|pca|svm,LOSO — unseen film,P04,0.44638694638694637,0.4481351981351981,0.36938863596857396,0.4307692307692308,0.39344262295081966,0.28588014988706845
individual,Visual|pca|svm,LOSO — unseen film,P05,0.40560640732265446,0.3489702517162471,0.3027982749500869,0.3870967741935484,0.3770491803278688,0.3071149411305617
individual,Visual|pca|svm,LOSO — unseen film,P06,0.5026939655172413,0.5339439655172413,0.5601534281576609,0.5753424657534246,0.4918032786885246,0.25501607577361635
individual,Visual|pca|svm,LOSO — unseen film,P07,0.4139784946236559,0.4688172043010752,0.5417762215449924,0.5263157894736842,0.4098360655737705,0.27064680710598316
individual,Visual|pca|svm,LOSO — unseen film,P08,0.3681917211328976,0.44498910675381265,0.5526376006387258,0.5194805194805194,0.39344262295081966,0.2735391447761585
individual,Visual|pca|svm,LOSO — unseen film,P09,0.5713507625272332,0.6165577342047931,0.7051418422825894,0.6666666666666666,0.5901639344262295,0.24082897570844175
individual,Visual + CLIP + DINOv2|raw|xgb,LOSO — same film,P01,0.6209769499750232,0.6446870762863056,0.6591868509046691,0.6275659824046921,0.6208955223880597,0.24726443704654702
individual,Visual + CLIP + DINOv2|raw|xgb,LOSO — same film,P02,0.5938903543166749,0.6386255079489556,0.6675237338706411,0.6023391812865497,0.5940298507462687,0.24868598580767862
individual,Visual + CLIP + DINOv2|raw|xgb,LOSO — same film,P03,0.6388294838893641,0.6706586826347305,0.6531064374582328,0.6409495548961425,0.6388059701492538,0.23455369315769117
individual,Visual + CLIP + DINOv2|raw|xgb,LOSO — same film,P04,0.665899521872547,0.7034182544779848,0.7124896619420008,0.6705882352941176,0.6656716417910448,0.22187228636752376
individual,Visual + CLIP + DINOv2|raw|xgb,LOSO — same film,P05,0.6715619875953518,0.7124830683681471,0.6905040813015154,0.6764705882352942,0.6716417910447762,0.21822161041343371
individual,Visual + CLIP + DINOv2|raw|xgb,LOSO — same film,P06,0.6567044482463644,0.6669518106643855,0.6501177976426856,0.658753709198813,0.6567164179104478,0.2397695268842168
individual,Visual + CLIP + DINOv2|raw|xgb,LOSO — same film,P07,0.6506238859180036,0.694795008912656,0.6988157171462046,0.656891495601173,0.6507462686567164,0.2258389009035989
individual,Visual + CLIP + DINOv2|raw|xgb,LOSO — same film,P08,0.6447818648417452,0.6781793555745651,0.6612131453892847,0.6447761194029851,0.6447761194029851,0.23152908451336537
individual,Visual + CLIP + DINOv2|raw|xgb,LOSO — same film,P09,0.6535966350609539,0.7120196763384901,0.6897138204377515,0.6608187134502924,0.6537313432835821,0.21934210396245868
individual,Visual + CLIP + DINOv2|raw|xgb,LOSO — unseen film,P01,0.553921568627451,0.5250544662309369,0.46258407428409076,0.5625,0.5409836065573771,0.2764447179714855
individual,Visual + CLIP + DINOv2|raw|xgb,LOSO — unseen film,P02,0.4978448275862069,0.4504310344827586,0.43581160514330564,0.5373134328358209,0.4918032786885246,0.28240535716482446
individual,Visual + CLIP + DINOv2|raw|xgb,LOSO — unseen film,P03,0.41648706896551724,0.41594827586206895,0.44264055886892173,0.47058823529411764,0.4098360655737705,0.28737011400124013
individual,Visual + CLIP + DINOv2|raw|xgb,LOSO — unseen film,P04,0.4423076923076923,0.40442890442890445,0.3141175744615343,0.38596491228070173,0.4262295081967213,0.30161153714214184
individual,Visual + CLIP + DINOv2|raw|xgb,LOSO — unseen film,P05,0.5320366132723112,0.5148741418764302,0.4450436063253508,0.5079365079365079,0.4918032786885246,0.2759833579759954
individual,Visual + CLIP + DINOv2|raw|xgb,LOSO — unseen film,P06,0.5183189655172413,0.5226293103448276,0.5783647805949814,0.5833333333333334,0.5081967213114754,0.2620035924301355
individual,Visual + CLIP + DINOv2|raw|xgb,LOSO — unseen film,P07,0.4129032258064516,0.42473118279569894,0.48299702305765013,0.5,0.4098360655737705,0.28594147913747575
individual,Visual + CLIP + DINOv2|raw|xgb,LOSO — unseen film,P08,0.5827886710239651,0.5599128540305011,0.6258287916750735,0.6376811594202898,0.5901639344262295,0.2502081668056037
individual,Visual + CLIP + DINOv2|raw|xgb,LOSO — unseen film,P09,0.630718954248366,0.5991285403050108,0.6722473109679993,0.6857142857142857,0.639344262295082,0.24249302562890016
individual,Visual|raw|rf,LOSO — same film,P01,0.5901662741739813,0.6384785556269179,0.6517538949380972,0.56875,0.5880597014925373,0.23596609550806852
individual,Visual|raw|rf,LOSO — same film,P02,0.606633635132245,0.6492835246310686,0.6508814589818301,0.5769230769230769,0.6059701492537314,0.23390950978323477
individual,Visual|raw|rf,LOSO — same film,P03,0.6177466495580268,0.6530866837753064,0.6583686756969356,0.5949367088607594,0.6179104477611941,0.23216355928244986
individual,Visual|raw|rf,LOSO — same film,P04,0.602511953186327,0.6861128951687718,0.7081539587151725,0.5759493670886076,0.6,0.22729925522668906
individual,Visual|raw|rf,LOSO — same film,P05,0.642403935267698,0.6883510372852356,0.6838548488867531,0.6178343949044586,0.6417910447761194,0.227879178271653
individual,Visual|raw|rf,LOSO — same film,P06,0.6449422583404619,0.6760407755916737,0.673282112663445,0.6246056782334385,0.6447761194029851,0.23063481880724762
individual,Visual|raw|rf,LOSO — same film,P07,0.6189839572192514,0.6689839572192514,0.6684935763795645,0.5923566878980892,0.6179104477611941,0.23130201356010519
individual,Visual|raw|rf,LOSO — same film,P08,0.6001924721984602,0.661890504704876,0.6479770397171325,0.5732484076433121,0.6,0.231864202433951
individual,Visual|raw|rf,LOSO — same film,P09,0.6305161474299565,0.6898481499964355,0.6786584619432344,0.6025641025641025,0.6298507462686567,0.2281000058233014
individual,Visual|raw|rf,LOSO — unseen film,P01,0.5201525054466231,0.5119825708061002,0.44724138896118626,0.4727272727272727,0.5245901639344263,0.26377468131444526
individual,Visual|raw|rf,LOSO — unseen film,P02,0.5070043103448276,0.5280172413793104,0.4878615999006218,0.4827586206896552,0.5081967213114754,0.2595453172652921
individual,Visual|raw|rf,LOSO — unseen film,P03,0.5571120689655172,0.5021551724137931,0.5277282227444086,0.5423728813559322,0.5573770491803278,0.25368355042031404
individual,Visual|raw|rf,LOSO — unseen film,P04,0.532051282051282,0.47435897435897434,0.3529881318014137,0.44,0.5409836065573771,0.27071987240318934
individual,Visual|raw|rf,LOSO — unseen film,P05,0.5852402745995423,0.6098398169336385,0.45956417257355897,0.5098039215686274,0.5901639344262295,0.25324767197081877
individual,Visual|raw|rf,LOSO — unseen film,P06,0.5226293103448276,0.5614224137931034,0.5988762368838201,0.49122807017543857,0.5245901639344263,0.24731233827281565
individual,Visual|raw|rf,LOSO — unseen film,P07,0.5725806451612903,0.5387096774193549,0.5378485280813669,0.5357142857142857,0.5737704918032787,0.25216271942861185
individual,Visual|raw|rf,LOSO — unseen film,P08,0.6606753812636166,0.5838779956427016,0.61004765881132,0.6666666666666666,0.6557377049180327,0.2419903746640695
individual,Visual|raw|rf,LOSO — unseen film,P09,0.579520697167756,0.6481481481481481,0.6918332422053887,0.5806451612903226,0.5737704918032787,0.23289848215661638
individual,Visual|pca|rf,LOSO — same film,P01,0.6157853421822593,0.6407264682794548,0.6342962442478768,0.6126126126126126,0.6149253731343284,0.2504359483085079
individual,Visual|pca|rf,LOSO — same film,P02,0.5822699080345048,0.6405503671490697,0.6682716902328647,0.5757575757575758,0.582089552238806,0.2502830748351369
individual,Visual|pca|rf,LOSO — same film,P03,0.6357820074137439,0.6750071285999429,0.6490292925973093,0.6303030303030303,0.6358208955223881,0.2359250522279489
individual,Visual|pca|rf,LOSO — same film,P04,0.6568365089559695,0.7037750660101335,0.7173918255503278,0.6627565982404692,0.6567164179104478,0.22406176565042796
individual,Visual|pca|rf,LOSO — same film,P05,0.6717223925286947,0.7134098524274612,0.7000128080904224,0.6706586826347305,0.6716417910447762,0.21946792765453382
individual,Visual|pca|rf,LOSO — same film,P06,0.6567222697462218,0.6679854576561163,0.6540437803709129,0.6567164179104478,0.6567164179104478,0.24336402583573813
individual,Visual|pca|rf,LOSO — same film,P07,0.6387700534759359,0.6829233511586452,0.6893801576570663,0.6430678466076696,0.6388059701492538,0.23096270528660348
individual,Visual|pca|rf,LOSO — same film,P08,0.6358711149130312,0.6749001996007984,0.6582894283725127,0.6303030303030303,0.6358208955223881,0.23299260745464442
individual,Visual|pca|rf,LOSO — same film,P09,0.6717223925286947,0.7066015541455763,0.7050124847678276,0.6706586826347305,0.6716417910447762,0.2214385706057285
individual,Visual|pca|rf,LOSO — unseen film,P01,0.579520697167756,0.5980392156862745,0.516605996443289,0.5666666666666667,0.5737704918032787,0.2491375738038722
individual,Visual|pca|rf,LOSO — unseen film,P02,0.5447198275862069,0.4913793103448276,0.4803310772403514,0.5625,0.5409836065573771,0.2613326289645709
individual,Visual|pca|rf,LOSO — unseen film,P03,0.4288793103448276,0.5043103448275862,0.5991524334091454,0.4444444444444444,0.4262295081967213,0.2530356589758565
individual,Visual|pca|rf,LOSO — unseen film,P04,0.49766899766899764,0.386946386946387,0.308088149032447,0.45901639344262296,0.45901639344262296,0.2793257263681032
individual,Visual|pca|rf,LOSO — unseen film,P05,0.37986270022883295,0.419908466819222,0.3893174938180466,0.32142857142857145,0.3770491803278688,0.26764784436674127
individual,Visual|pca|rf,LOSO — unseen film,P06,0.4542025862068966,0.49030172413793105,0.5261687458127842,0.5405405405405406,0.4426229508196721,0.2575664370214535
individual,Visual|pca|rf,LOSO — unseen film,P07,0.3612903225806452,0.4139784946236559,0.4870884685482898,0.38095238095238093,0.36065573770491804,0.2659652360124547
individual,Visual|pca|rf,LOSO — unseen film,P08,0.5125272331154684,0.5,0.6165041138678342,0.5915492957746479,0.5245901639344263,0.2507829080363664
individual,Visual|pca|rf,LOSO — unseen film,P09,0.5718954248366013,0.5610021786492375,0.6450176287296704,0.6060606060606061,0.5737704918032787,0.24449321223279796
individual,Visual + DINOv2|raw|rf,LOSO — same film,P01,0.6273460358238778,0.6458288731891815,0.6547949837604428,0.629080118694362,0.6268656716417911,0.23961249062172194
individual,Visual + DINOv2|raw|rf,LOSO — same film,P02,0.6000213873244458,0.6471804377272402,0.6740613827962375,0.6011904761904762,0.6,0.23675114009338122
individual,Visual + DINOv2|raw|rf,LOSO — same film,P03,0.647775876817793,0.6722626176218991,0.6583331582643945,0.6488095238095238,0.6477611940298508,0.23038743020525043
individual,Visual + DINOv2|raw|rf,LOSO — same film,P04,0.6657032755298651,0.7062370655819596,0.7195163819154784,0.672514619883041,0.6656716417910448,0.21851216801340265
individual,Visual + DINOv2|raw|rf,LOSO — same film,P05,0.6716689242175804,0.7155485848720327,0.7032326113342418,0.6726190476190477,0.6716417910447762,0.21608899840204682
individual,Visual + DINOv2|raw|rf,LOSO — same film,P06,0.6596271742229827,0.6733319076133448,0.6589108935110247,0.6686046511627907,0.6597014925373135,0.2338580871828286
individual,Visual + DINOv2|raw|rf,LOSO — same film,P07,0.6508021390374332,0.6885204991087344,0.6935711908303362,0.6528189910979229,0.6507462686567164,0.22396072888864962
individual,Visual + DINOv2|raw|rf,LOSO — same film,P08,0.653728257770174,0.6775734245794126,0.658819782557621,0.6547619047619048,0.6537313432835821,0.22866084311513446
individual,Visual + DINOv2|raw|rf,LOSO — same film,P09,0.6716154559064661,0.7068154273900336,0.6858037286241141,0.6745562130177515,0.6716417910447762,0.2194680094677221
individual,Visual + DINOv2|raw|rf,LOSO — unseen film,P01,0.5980392156862745,0.5108932461873638,0.4308208620898845,0.5901639344262295,0.5901639344262295,0.26527807012237337
individual,Visual + DINOv2|raw|rf,LOSO — unseen film,P02,0.49461206896551724,0.4644396551724138,0.45604931002889354,0.5079365079365079,0.4918032786885246,0.2648008730720004
individual,Visual + DINOv2|raw|rf,LOSO — unseen film,P03,0.41810344827586204,0.49676724137931033,0.5373111364093188,0.4857142857142857,0.4098360655737705,0.2570066549532871
individual,Visual + DINOv2|raw|rf,LOSO — unseen film,P04,0.4551282051282051,0.44172494172494176,0.3414899183335683,0.39285714285714285,0.4426229508196721,0.2725775341099459
individual,Visual + DINOv2|raw|rf,LOSO — unseen film,P05,0.5326086956521738,0.494279176201373,0.452005447730806,0.4727272727272727,0.5245901639344263,0.2608330222533266
individual,Visual + DINOv2|raw|rf,LOSO — unseen film,P06,0.5307112068965517,0.5560344827586207,0.5745558378381314,0.5671641791044776,0.5245901639344263,0.25014903997756455
individual,Visual + DINOv2|raw|rf,LOSO — unseen film,P07,0.4768817204301075,0.4989247311827957,0.5312317168028586,0.5151515151515151,0.47540983606557374,0.25545745703543604
individual,Visual + DINOv2|raw|rf,LOSO — unseen film,P08,0.5457516339869282,0.5403050108932462,0.6120778631834707,0.6197183098591549,0.5573770491803278,0.24924922487969184
individual,Visual + DINOv2|raw|rf,LOSO — unseen film,P09,0.5234204793028323,0.5664488017429194,0.652376558992431,0.6216216216216216,0.5409836065573771,0.2418148606664004
individual,Visual + DINOv2|raw|xgb,LOSO — same film,P01,0.6269535431385143,0.6453293370441733,0.6535939057120956,0.6334310850439883,0.6268656716417911,0.24538631823947632
individual,Visual + DINOv2|raw|xgb,LOSO — same film,P02,0.5997540457688744,0.6391601910600984,0.6660668944292882,0.6127167630057804,0.6,0.24710102629037575
individual,Visual + DINOv2|raw|xgb,LOSO — same film,P03,0.6388829483889364,0.6731893356144854,0.6583973327866468,0.6472303206997084,0.6388059701492538,0.23371490917017892
individual,Visual + DINOv2|raw|xgb,LOSO — same film,P04,0.6687896952829515,0.7050952686790837,0.7137998328846836,0.6744868035190615,0.6686567164179105,0.22077083648495652
individual,Visual + DINOv2|raw|xgb,LOSO — same film,P05,0.6687103443359236,0.7072788194196906,0.6932972608845892,0.6686567164179105,0.6686567164179105,0.2191427871186033
individual,Visual + DINOv2|raw|xgb,LOSO — same film,P06,0.656686626746507,0.6702309666381523,0.6523213062759904,0.6607669616519174,0.6567164179104478,0.2378198536803244
individual,Visual + DINOv2|raw|xgb,LOSO — same film,P07,0.6625668449197861,0.6932263814616756,0.6917416363599251,0.6686217008797654,0.6626865671641791,0.2245422825236207
individual,Visual + DINOv2|raw|xgb,LOSO — same film,P08,0.6357998289136013,0.6783575705731395,0.667501963698892,0.6390532544378699,0.6358208955223881,0.2306541231501832
individual,Visual + DINOv2|raw|xgb,LOSO — same film,P09,0.6715619875953518,0.7090254509160905,0.6897260610069145,0.6764705882352942,0.6716417910447762,0.22043337128297943
individual,Visual + DINOv2|raw|xgb,LOSO — unseen film,P01,0.5610021786492374,0.5108932461873639,0.44071880959501747,0.5423728813559322,0.5573770491803278,0.2816472261782057
individual,Visual + DINOv2|raw|xgb,LOSO — unseen film,P02,0.44935344827586204,0.44935344827586204,0.43445644730043625,0.5,0.4426229508196721,0.29043779089178784
individual,Visual + DINOv2|raw|xgb,LOSO — unseen film,P03,0.4245689655172414,0.4752155172413793,0.4993388738440826,0.5384615384615384,0.4098360655737705,0.2829633953071649
individual,Visual + DINOv2|raw|xgb,LOSO — unseen film,P04,0.391025641025641,0.37995337995337997,0.306824077728447,0.36065573770491804,0.36065573770491804,0.319719709390558
individual,Visual + DINOv2|raw|xgb,LOSO — unseen film,P05,0.37986270022883295,0.4061784897025172,0.38122684629332537,0.32142857142857145,0.3770491803278688,0.2924376066819028
individual,Visual + DINOv2|raw|xgb,LOSO — unseen film,P06,0.4838362068965517,0.5172413793103448,0.5589075265306275,0.5428571428571428,0.47540983606557374,0.27168442174972435
individual,Visual + DINOv2|raw|xgb,LOSO — unseen film,P07,0.4467741935483871,0.44408602150537635,0.5159921093277516,0.5526315789473685,0.4426229508196721,0.27642170493400003
individual,Visual + DINOv2|raw|xgb,LOSO — unseen film,P08,0.5571895424836601,0.5196078431372549,0.6185264475786919,0.5846153846153846,0.5573770491803278,0.25697182092998316
individual,Visual + DINOv2|raw|xgb,LOSO — unseen film,P09,0.5457516339869282,0.5762527233115469,0.6785543175781168,0.6197183098591549,0.5573770491803278,0.2476609729460058
individual,Visual|pca|logreg,LOSO — same film,P01,0.5602833083565261,0.5769999286376936,0.5976225562546537,0.5375,0.5582089552238806,0.2506890844942116
individual,Visual|pca|logreg,LOSO — same film,P02,0.582697654523419,0.6298567049262138,0.6390562105619728,0.554140127388535,0.582089552238806,0.23541685215864347
individual,Visual|pca|logreg,LOSO — same film,P03,0.5699850299401197,0.5946321642429426,0.6161084737026983,0.5443037974683544,0.5701492537313433,0.24159632100231732
individual,Visual|pca|logreg,LOSO — same film,P04,0.5693463212731036,0.6402626132876614,0.6691112770969926,0.5454545454545454,0.5671641791044776,0.2320145740337747
individual,Visual|pca|logreg,LOSO — same film,P05,0.6066871034433592,0.6429742639195837,0.6282021178662176,0.5741935483870968,0.6059701492537314,0.23521471575051078
individual,Visual|pca|logreg,LOSO — same film,P06,0.6001568291987454,0.6349800399201596,0.6368865475979537,0.5786163522012578,0.6,0.23898650457391013
individual,Visual|pca|logreg,LOSO — same film,P07,0.5772727272727273,0.6336185383244207,0.6588142272237061,0.5448717948717948,0.5761194029850746,0.23454084501707634
individual,Visual|pca|logreg,LOSO — same film,P08,0.567329626461363,0.5880738522954092,0.5923467600122361,0.5425867507886435,0.5671641791044776,0.2467720730007432
individual,Visual|pca|logreg,LOSO — same film,P09,0.5797390746417623,0.6170956013402723,0.628969366559039,0.549520766773163,0.5791044776119403,0.2387340152473883
individual,Visual|pca|logreg,LOSO — unseen film,P01,0.5642701525054467,0.5533769063180827,0.5155934528863358,0.5,0.5737704918032787,0.2600366857314031
individual,Visual|pca|logreg,LOSO — unseen film,P02,0.5554956896551724,0.48168103448275856,0.46996463638459157,0.5263157894736842,0.5573770491803278,0.2893758558257798
individual,Visual|pca|logreg,LOSO — unseen film,P03,0.5382543103448276,0.5086206896551724,0.5632543701810324,0.5,0.5409836065573771,0.26252735545159256
individual,Visual|pca|logreg,LOSO — unseen film,P04,0.4382284382284382,0.42307692307692313,0.31273492248128765,0.32653061224489793,0.45901639344262296,0.3060605362370702
individual,Visual|pca|logreg,LOSO — unseen film,P05,0.4805491990846682,0.4107551487414188,0.35693573760158875,0.39215686274509803,0.4918032786885246,0.2991277399002028
individual,Visual|pca|logreg,LOSO — unseen film,P06,0.5727370689655172,0.5905172413793103,0.6170486931616339,0.5517241379310345,0.5737704918032787,0.24342040255851957
individual,Visual|pca|logreg,LOSO — unseen film,P07,0.4747311827956989,0.4376344086021505,0.49192061229417655,0.4482758620689655,0.47540983606557374,0.28797524870135865
individual,Visual|pca|logreg,LOSO — unseen film,P08,0.6127450980392157,0.5762527233115469,0.5995910213920832,0.6129032258064516,0.6065573770491803,0.262681055920192
individual,Visual|pca|logreg,LOSO — unseen film,P09,0.5833333333333333,0.622004357298475,0.6827027656429747,0.5666666666666667,0.5737704918032787,0.24410747073317424
individual,Visual|raw|svm,LOSO — same film,P01,0.5525404981088988,0.6121993862841646,0.6403293570027683,0.5562130177514792,0.5522388059701493,0.24359566982460168
individual,Visual|raw|svm,LOSO — same film,P02,0.6028195622727597,0.6236543808369573,0.6019123022292845,0.6122448979591837,0.6029850746268657,0.23543743539775738
individual,Visual|raw|svm,LOSO — same film,P03,0.5970915312232677,0.6289920159680639,0.6399583581868462,0.6064139941690962,0.5970149253731343,0.23702353660060227
individual,Visual|raw|svm,LOSO — same film,P04,0.6302362092342824,0.6749268536359095,0.676789338261324,0.6331360946745562,0.6298507462686567,0.22798144094145592
individual,Visual|raw|svm,LOSO — same film,P05,0.6480002851643258,0.6843943822627788,0.6710780481406985,0.6402439024390244,0.6477611940298508,0.22630435627296858
individual,Visual|raw|svm,LOSO — same film,P06,0.6478115198175078,0.6866089250071288,0.6778724234935523,0.6424242424242425,0.6477611940298508,0.22507393852427438
individual,Visual|raw|svm,LOSO — same film,P07,0.6271836007130125,0.6868449197860964,0.655866052909242,0.622356495468278,0.6268656716417911,0.2280535157751906
individual,Visual|raw|svm,LOSO — same film,P08,0.5850798403193613,0.6467244083262047,0.6631711856691229,0.5850746268656717,0.5850746268656717,0.23605706736705076
individual,Visual|raw|svm,LOSO — same film,P09,0.626862479503814,0.6667498395950666,0.6565171928485241,0.629080118694362,0.6268656716417911,0.2284779702435692
individual,Visual|raw|svm,LOSO — unseen film,P01,0.46895424836601307,0.485838779956427,0.48717152569650296,0.47619047619047616,0.45901639344262296,0.26253479727584983
individual,Visual|raw|svm,LOSO — unseen film,P02,0.5447198275862069,0.5495689655172414,0.5690258110171437,0.5625,0.5409836065573771,0.2497938520980368
individual,Visual|raw|svm,LOSO — unseen film,P03,0.44935344827586204,0.40625,0.41471052728124586,0.5,0.4426229508196721,0.2716102559825925
individual,Visual|raw|svm,LOSO — unseen film,P04,0.4423076923076923,0.41724941724941716,0.34148328328774924,0.38596491228070173,0.4262295081967213,0.27189291797302606
individual,Visual|raw|svm,LOSO — unseen film,P05,0.32723112128146453,0.35240274599542337,0.32566982575404796,0.3,0.3114754098360656,0.28418079246830474
individual,Visual|raw|svm,LOSO — unseen film,P06,0.4509698275862069,0.5048491379310345,0.5552682348607231,0.5142857142857142,0.4426229508196721,0.25760658270235515
individual,Visual|raw|svm,LOSO — unseen film,P07,0.39623655913978495,0.4155913978494624,0.456340047678798,0.4788732394366197,0.39344262295081966,0.2751008927112112
individual,Visual|raw|svm,LOSO — unseen film,P08,0.47167755991285404,0.4248366013071896,0.5462826879269833,0.5866666666666667,0.4918032786885246,0.265496487120907
individual,Visual|raw|svm,LOSO — unseen film,P09,0.5310457516339869,0.5991285403050108,0.7167778532223343,0.6,0.5409836065573771,0.24131083748485865
individual,Visual + DINOv2|pca|xgb,LOSO — same film,P01,0.6329301363020052,0.6425105259401984,0.654033767360692,0.6392961876832844,0.6328358208955224,0.2503245938910266
individual,Visual + DINOv2|pca|xgb,LOSO — same film,P02,0.5939972909389035,0.6375204961859272,0.6663950024885239,0.5976331360946746,0.5940298507462687,0.2503134733278818
individual,Visual + DINOv2|pca|xgb,LOSO — same film,P03,0.6268890789848873,0.6753279155973766,0.6541381844070144,0.629080118694362,0.6268656716417911,0.23519936744957293
individual,Visual + DINOv2|pca|xgb,LOSO — same film,P04,0.653750089202883,0.6962820238350104,0.7095384974056109,0.6608187134502924,0.6537313432835821,0.22545516906243718
individual,Visual + DINOv2|pca|xgb,LOSO — same film,P05,0.677586083980894,0.7042133029158053,0.6845980508058997,0.6804733727810651,0.6776119402985075,0.22125875408371842
individual,Visual + DINOv2|pca|xgb,LOSO — same film,P06,0.6506986027944112,0.6661320216709439,0.6376401498643187,0.656891495601173,0.6507462686567164,0.24219834472682167
individual,Visual + DINOv2|pca|xgb,LOSO — same film,P07,0.6413547237076649,0.6853832442067735,0.6859069788515071,0.6551724137931034,0.6417910447761194,0.23001229579355234
individual,Visual + DINOv2|pca|xgb,LOSO — same film,P08,0.64481750784146,0.6844525235243798,0.6729456705860776,0.6404833836858006,0.6447761194029851,0.2304720483434292
individual,Visual + DINOv2|pca|xgb,LOSO — same film,P09,0.6775326156697796,0.7090967419975762,0.6856625144129798,0.6823529411764706,0.6776119402985075,0.22125206699402722
individual,Visual + DINOv2|pca|xgb,LOSO — unseen film,P01,0.47331154684095855,0.35729847494553374,0.36682946884624074,0.5405405405405406,0.4426229508196721,0.3137254599672065
individual,Visual + DINOv2|pca|xgb,LOSO — unseen film,P02,0.47629310344827586,0.4245689655172413,0.4352435599496632,0.5925925925925926,0.45901639344262296,0.2978001260307156
individual,Visual + DINOv2|pca|xgb,LOSO — unseen film,P03,0.47629310344827586,0.5344827586206897,0.5030298967442169,0.5925925925925926,0.45901639344262296,0.2780044395675407
individual,Visual + DINOv2|pca|xgb,LOSO — unseen film,P04,0.44638694638694637,0.42540792540792544,0.32234059495398787,0.4307692307692308,0.39344262295081966,0.3098700716558114
individual,Visual + DINOv2|pca|xgb,LOSO — unseen film,P05,0.46167048054919907,0.3855835240274599,0.3386265374391573,0.4788732394366197,0.39344262295081966,0.3249267746827213
individual,Visual + DINOv2|pca|xgb,LOSO — unseen film,P06,0.5247844827586207,0.59375,0.6280544149959034,0.625,0.5081967213114754,0.2553771111141759
individual,Visual + DINOv2|pca|xgb,LOSO — unseen film,P07,0.4134408602150538,0.3548387096774194,0.4345803682615187,0.5135135135135135,0.4098360655737705,0.3060211563154614
individual,Visual + DINOv2|pca|xgb,LOSO — unseen film,P08,0.4749455337690631,0.4749455337690631,0.570439327134,0.6341463414634146,0.5081967213114754,0.27686775276712944
individual,Visual + DINOv2|pca|xgb,LOSO — unseen film,P09,0.5081699346405228,0.4760348583877996,0.5971985695845292,0.6585365853658537,0.5409836065573771,0.2606186541654476
individual,Visual + Audio|raw|rf,LOSO — same film,P01,0.5963391136801541,0.6379076571754798,0.6518757325522411,0.5723270440251572,0.5940298507462687,0.235903945848656
individual,Visual + Audio|raw|rf,LOSO — same film,P02,0.5947993156056177,0.6480715762458117,0.6525439631439738,0.5584415584415584,0.5940298507462687,0.23396036659932812
individual,Visual + Audio|raw|rf,LOSO — same film,P03,0.6237168520102652,0.6567222697462218,0.6604659807748311,0.6012658227848101,0.6238805970149254,0.23181038009996832
individual,Visual + Audio|raw|rf,LOSO — same film,P04,0.602511953186327,0.6898594162563334,0.7094439120911507,0.5759493670886076,0.6,0.22709546353109278
individual,Visual + Audio|raw|rf,LOSO — same film,P05,0.6364867755043844,0.6893491124260356,0.6801773495509317,0.6089743589743589,0.6358208955223881,0.22729020391995183
individual,Visual + Audio|raw|rf,LOSO — same film,P06,0.6568826632449387,0.6778229255774166,0.6730570260852538,0.637223974763407,0.6567164179104478,0.23035567279763386
individual,Visual + Audio|raw|rf,LOSO — same film,P07,0.609982174688057,0.6706951871657754,0.6752357938802511,0.5841269841269842,0.608955223880597,0.23082396549133435
individual,Visual + Audio|raw|rf,LOSO — same film,P08,0.6121506986027945,0.661605360707157,0.6495091627672994,0.5833333333333334,0.6119402985074627,0.23182220160643485
individual,Visual + Audio|raw|rf,LOSO — same film,P09,0.6335816639338419,0.6883510372852356,0.6769861464739672,0.6019417475728155,0.6328358208955224,0.2275844887698957
individual,Visual + Audio|raw|rf,LOSO — unseen film,P01,0.5386710239651415,0.4793028322440087,0.43545400578859517,0.5,0.5409836065573771,0.26591669625568576
individual,Visual + Audio|raw|rf,LOSO — unseen film,P02,0.5382543103448276,0.53125,0.4890980641681043,0.5,0.5409836065573771,0.25777351449105373
individual,Visual + Audio|raw|rf,LOSO — unseen film,P03,0.5727370689655172,0.521551724137931,0.5096813499819257,0.5517241379310345,0.5737704918032787,0.2537099087084312
individual,Visual + Audio|raw|rf,LOSO — unseen film,P04,0.460955710955711,0.46503496503496505,0.3416501311869695,0.36,0.47540983606557374,0.2739268900333256
individual,Visual + Audio|raw|rf,LOSO — unseen film,P05,0.5720823798627002,0.597254004576659,0.4678047232264515,0.5,0.5737704918032787,0.2552630497239465
individual,Visual + Audio|raw|rf,LOSO — unseen film,P06,0.5398706896551724,0.5635775862068966,0.5854907050683509,0.5172413793103449,0.5409836065573771,0.2479556762596082
individual,Visual + Audio|raw|rf,LOSO — unseen film,P07,0.5731182795698925,0.532258064516129,0.5382193467017249,0.5517241379310345,0.5737704918032787,0.2523474598219557
individual,Visual + Audio|raw|rf,LOSO — unseen film,P08,0.6606753812636166,0.6078431372549019,0.6332872137851807,0.6666666666666666,0.6557377049180327,0.23921161861143642
individual,Visual + Audio|raw|rf,LOSO — unseen film,P09,0.6089324618736384,0.6459694989106753,0.6852177102438141,0.625,0.6065573770491803,0.23359881972365246
individual_avg,Visual|pca|xgb,LOSO — same film,P01,0.6357820074137439,0.6700883946392928,0.6915851038840812,0.6303030303030303,0.6358208955223881,0.2283900144460771
individual_avg,Visual|pca|xgb,LOSO — same film,P02,0.6439020909155784,0.6896810104902591,0.6495883730382703,0.6269592476489029,0.6447761194029851,0.2242290404087797
individual_avg,Visual|pca|xgb,LOSO — same film,P03,0.6268090111926998,0.6713481143508947,0.7003072439765854,0.622356495468278,0.6268656716417911,0.22784005836911983
individual_avg,Visual|pca|xgb,LOSO — same film,P04,0.6900085549297783,0.7481999001924858,0.7534806830529789,0.675,0.6895522388059702,0.20543975369648323
individual_avg,Visual|pca|xgb,LOSO — same film,P05,0.6924721984602225,0.7141074992871401,0.6944704638057266,0.6850152905198776,0.6925373134328359,0.2171576111870349
individual_avg,Visual|pca|xgb,LOSO — same film,P06,0.6892065302630641,0.7272403222356884,0.729655722178083,0.675,0.6895522388059702,0.21109186076602338
individual_avg,Visual|pca|xgb,LOSO — same film,P07,0.6775556030795551,0.6995295124037639,0.7078001928801727,0.6707317073170732,0.6776119402985075,0.22024351403721312
individual_avg,Visual|pca|xgb,LOSO — same film,P08,0.6386433307193271,0.6932344763670065,0.6985860269407754,0.6299694189602446,0.6388059701492538,0.22064911987832847
individual_avg,Visual|pca|xgb,LOSO — same film,P09,0.6235296214443573,0.6728452270620945,0.6465928487383562,0.60625,0.6238805970149254,0.22922899628230833
individual_avg,Visual|pca|xgb,LOSO — unseen film,P01,0.5316666666666667,0.5677777777777777,0.5535064646031312,0.46153846153846156,0.5409836065573771,0.24900537283994592
individual_avg,Visual|pca|xgb,LOSO — unseen film,P02,0.6244588744588745,0.6309523809523809,0.6491539637598801,0.6349206349206349,0.6229508196721312,0.24511332119884366
individual_avg,Visual|pca|xgb,LOSO — unseen film,P03,0.539247311827957,0.5279569892473118,0.607732645683072,0.48148148148148145,0.5409836065573771,0.2576853603890219
individual_avg,Visual|pca|xgb,LOSO — unseen film,P04,0.5665584415584416,0.5887445887445888,0.6188234934234594,0.5263157894736842,0.5573770491803278,0.25124612905288757
individual_avg,Visual|pca|xgb,LOSO — unseen film,P05,0.4607843137254902,0.44771241830065356,0.4283237771256449,0.36,0.47540983606557374,0.29310165656196746
individual_avg,Visual|pca|xgb,LOSO — unseen film,P06,0.5635775862068966,0.5668103448275862,0.6085202245254895,0.509090909090909,0.5573770491803278,0.25842235367935706
individual_avg,Visual|pca|xgb,LOSO — unseen film,P07,0.5080645161290323,0.5612903225806452,0.5833324661140226,0.5,0.5081967213114754,0.26482169195916233
individual_avg,Visual|pca|xgb,LOSO — unseen film,P08,0.545995670995671,0.5995670995670995,0.6455119213347573,0.5333333333333333,0.5409836065573771,0.2485702710845898
individual_avg,Visual|pca|xgb,LOSO — unseen film,P09,0.5827886710239651,0.5860566448801743,0.5784262136365181,0.5283018867924528,0.5901639344262295,0.24606780684899413
individual_avg,Visual|pca|svm,LOSO — same film,P01,0.6268177929854577,0.6377601938979185,0.627466151522085,0.6200607902735562,0.6268656716417911,0.2338130738662598
individual_avg,Visual|pca|svm,LOSO — same film,P02,0.6290587311781917,0.6287554413758654,0.5848520217056867,0.6125,0.6298507462686567,0.23397776804871329
individual_avg,Visual|pca|svm,LOSO — same film,P03,0.6208383831182719,0.6255614172666999,0.5958964786838381,0.6163141993957704,0.6208955223880597,0.23458029828966778
individual_avg,Visual|pca|svm,LOSO — same film,P04,0.6568760248092964,0.6801882084551222,0.6447400613262415,0.6525679758308157,0.6567164179104478,0.22103439530240684
individual_avg,Visual|pca|svm,LOSO — same film,P05,0.6596271742229827,0.6911534074707727,0.6473669716019299,0.6503067484662577,0.6597014925373135,0.2220271165731618
individual_avg,Visual|pca|svm,LOSO — same film,P06,0.6596741997576103,0.6880302274185499,0.6464586615392487,0.6566265060240963,0.6597014925373135,0.221632980437223
individual_avg,Visual|pca|svm,LOSO — same film,P07,0.6506629597946963,0.6604291417165667,0.6293790750473781,0.64,0.6507462686567164,0.2258247367103843
individual_avg,Visual|pca|svm,LOSO — same film,P08,0.6535966350609539,0.6663933841876382,0.6297929371271933,0.6463414634146342,0.6537313432835821,0.22576156775722256
individual_avg,Visual|pca|svm,LOSO — same film,P09,0.6177728666143866,0.640479076067584,0.6175759540334841,0.6097560975609756,0.6179104477611941,0.23357532842168094
individual_avg,Visual|pca|svm,LOSO — unseen film,P01,0.5761111111111111,0.52,0.4133486470702358,0.5573770491803278,0.5573770491803278,0.25865857579372914
individual_avg,Visual|pca|svm,LOSO — unseen film,P02,0.48430735930735935,0.541125541125541,0.6277639833230315,0.5507246376811594,0.4918032786885246,0.25374270986191
individual_avg,Visual|pca|svm,LOSO — unseen film,P03,0.4768817204301075,0.46021505376344085,0.4848310187882889,0.5151515151515151,0.47540983606557374,0.27499679905907964
individual_avg,Visual|pca|svm,LOSO — unseen film,P04,0.5752164502164502,0.5497835497835498,0.5374547899794739,0.6666666666666666,0.5901639344262295,0.25069949384060963
individual_avg,Visual|pca|svm,LOSO — unseen film,P05,0.6350762527233116,0.5762527233115469,0.4706506388288858,0.6349206349206349,0.6229508196721312,0.25146083771881395
individual_avg,Visual|pca|svm,LOSO — unseen film,P06,0.5398706896551724,0.564655172413793,0.5758637008670041,0.5625,0.5409836065573771,0.25443827196417873
individual_avg,Visual|pca|svm,LOSO — unseen film,P07,0.5924731182795698,0.625268817204301,0.5638749008988053,0.6376811594202898,0.5901639344262295,0.24025298975697193
individual_avg,Visual|pca|svm,LOSO — unseen film,P08,0.48430735930735935,0.4686147186147186,0.5343529366953249,0.5507246376811594,0.4918032786885246,0.2632849589763361
individual_avg,Visual|pca|svm,LOSO — unseen film,P09,0.590958605664488,0.6481481481481481,0.5853886530507324,0.6060606060606061,0.5737704918032787,0.23822321267209315
individual_avg,Visual + CLIP + DINOv2|raw|xgb,LOSO — same film,P01,0.6088537211291702,0.6557955517536356,0.675166416260318,0.5944272445820433,0.608955223880597,0.24278386758486128
individual_avg,Visual + CLIP + DINOv2|raw|xgb,LOSO — same film,P02,0.6531613501748377,0.7077713551701991,0.6535007408006679,0.639751552795031,0.6537313432835821,0.22277136725765248
individual_avg,Visual + CLIP + DINOv2|raw|xgb,LOSO — same film,P03,0.6386967990304413,0.6718827974620375,0.6930360991029995,0.6322188449848024,0.6388059701492538,0.2368857949469069
individual_avg,Visual + CLIP + DINOv2|raw|xgb,LOSO — same film,P04,0.6658587010764954,0.7299137377914023,0.7355323178636574,0.6606060606060606,0.6656716417910448,0.21171317569149264
individual_avg,Visual + CLIP + DINOv2|raw|xgb,LOSO — same film,P05,0.6625855431993156,0.7150342172797264,0.7031914930151035,0.6501547987616099,0.6626865671641791,0.21802821911052633
individual_avg,Visual + CLIP + DINOv2|raw|xgb,LOSO — same film,P06,0.6801703856847509,0.7149782562201468,0.7032545714321842,0.6624605678233438,0.6805970149253732,0.21844034489625394
individual_avg,Visual + CLIP + DINOv2|raw|xgb,LOSO — same film,P07,0.6745972341032221,0.7182777302537782,0.7186682331647107,0.6706948640483383,0.6746268656716418,0.2151732982319452
individual_avg,Visual + CLIP + DINOv2|raw|xgb,LOSO — same film,P08,0.6535966350609539,0.708633349967919,0.7211616651183006,0.6463414634146342,0.6537313432835821,0.21954999484018237
individual_avg,Visual + CLIP + DINOv2|raw|xgb,LOSO — same film,P09,0.6207314464960434,0.6749483139659229,0.637824367862875,0.6116207951070336,0.6208955223880597,0.23669457643010464
individual_avg,Visual + CLIP + DINOv2|raw|xgb,LOSO — unseen film,P01,0.5483333333333333,0.6066666666666667,0.5774920013760523,0.5396825396825397,0.5245901639344263,0.24973039691186594
individual_avg,Visual + CLIP + DINOv2|raw|xgb,LOSO — unseen film,P02,0.6493506493506493,0.6731601731601731,0.7137952130290646,0.6956521739130435,0.6557377049180327,0.2259755249101141
individual_avg,Visual + CLIP + DINOv2|raw|xgb,LOSO — unseen film,P03,0.5758064516129032,0.6215053763440861,0.5962597268082598,0.6176470588235294,0.5737704918032787,0.24057263870389772
individual_avg,Visual + CLIP + DINOv2|raw|xgb,LOSO — unseen film,P04,0.5887445887445888,0.6266233766233766,0.6680458786434318,0.6153846153846154,0.5901639344262295,0.23720056146325758
individual_avg,Visual + CLIP + DINOv2|raw|xgb,LOSO — unseen film,P05,0.5648148148148149,0.5413943355119826,0.535914509380367,0.5573770491803278,0.5573770491803278,0.26713763319384015
individual_avg,Visual + CLIP + DINOv2|raw|xgb,LOSO — unseen film,P06,0.4504310344827586,0.5032327586206897,0.5999717098061449,0.547945205479452,0.45901639344262296,0.25516836012785216
individual_avg,Visual + CLIP + DINOv2|raw|xgb,LOSO — unseen film,P07,0.5731182795698925,0.5763440860215053,0.5245171764817469,0.5517241379310345,0.5737704918032787,0.2555904216560729
individual_avg,Visual + CLIP + DINOv2|raw|xgb,LOSO — unseen film,P08,0.5735930735930737,0.5627705627705628,0.599623967811171,0.59375,0.5737704918032787,0.2512773994491507
individual_avg,Visual + CLIP + DINOv2|raw|xgb,LOSO — unseen film,P09,0.5980392156862745,0.5522875816993464,0.4743942524447724,0.5901639344262295,0.5901639344262295,0.2631083589723137
individual_avg,Visual|raw|rf,LOSO — same film,P01,0.6000142571998859,0.6516253207869975,0.6789066789006127,0.6011904761904762,0.6,0.23311802824914069
individual_avg,Visual|raw|rf,LOSO — same film,P02,0.646792264325983,0.6750517376721615,0.6285734231944355,0.6289308176100629,0.6477611940298508,0.22869496282209456
individual_avg,Visual|raw|rf,LOSO — same film,P03,0.6119626434733014,0.6777999572253511,0.7028540454988107,0.6107784431137725,0.6119402985074627,0.22688373286930943
individual_avg,Visual|raw|rf,LOSO — same film,P04,0.6361124973265844,0.7194339488130035,0.722231436900511,0.6257668711656442,0.6358208955223881,0.21885325177885112
individual_avg,Visual|raw|rf,LOSO — same film,P05,0.6447284003421727,0.7000641573994868,0.7009614802261837,0.6382978723404256,0.6447761194029851,0.22220321873946644
individual_avg,Visual|raw|rf,LOSO — same film,P06,0.6652705496542383,0.7098096528124331,0.7068916341806754,0.6477987421383647,0.6656716417910448,0.2207748554027211
individual_avg,Visual|raw|rf,LOSO — same film,P07,0.6356928999144569,0.686127744510978,0.6884645567700335,0.61875,0.6358208955223881,0.22523331415386671
individual_avg,Visual|raw|rf,LOSO — same film,P08,0.6089505952805304,0.6788336779068938,0.6912537101923066,0.6066066066066066,0.608955223880597,0.22625411540612397
individual_avg,Visual|raw|rf,LOSO — same film,P09,0.5850146146717046,0.6344906252227847,0.6267302432256588,0.5800604229607251,0.5850746268656717,0.2358271569930727
individual_avg,Visual|raw|rf,LOSO — unseen film,P01,0.5683333333333334,0.5988888888888889,0.5613315855369617,0.5625,0.5409836065573771,0.251539589581599
individual_avg,Visual|raw|rf,LOSO — unseen film,P02,0.6314935064935066,0.604978354978355,0.6301140390145323,0.6857142857142857,0.639344262295082,0.23992088173443754
individual_avg,Visual|raw|rf,LOSO — unseen film,P03,0.593010752688172,0.5827956989247312,0.5611384831417451,0.647887323943662,0.5901639344262295,0.24724354476006818
individual_avg,Visual|raw|rf,LOSO — unseen film,P04,0.6672077922077921,0.6818181818181819,0.6711699948916411,0.7058823529411765,0.6721311475409836,0.23013846173471814
individual_avg,Visual|raw|rf,LOSO — unseen film,P05,0.5577342047930283,0.531590413943355,0.5057250150803454,0.5757575757575758,0.5409836065573771,0.2569849883967876
individual_avg,Visual|raw|rf,LOSO — unseen film,P06,0.5835129310344828,0.5754310344827587,0.6489605039585624,0.647887323943662,0.5901639344262295,0.2441439621203154
individual_avg,Visual|raw|rf,LOSO — unseen film,P07,0.624731182795699,0.6172043010752688,0.5789083390912053,0.6567164179104478,0.6229508196721312,0.24505738047617157
individual_avg,Visual|raw|rf,LOSO — unseen film,P08,0.5146103896103896,0.5216450216450217,0.6230698500538413,0.5915492957746479,0.5245901639344263,0.25268002060061584
individual_avg,Visual|raw|rf,LOSO — unseen film,P09,0.6203703703703703,0.6187363834422658,0.5659913543246013,0.625,0.6065573770491803,0.24454655857929522
individual_avg,Visual|pca|rf,LOSO — same film,P01,0.6298652694610778,0.6637439406900485,0.6772040054732473,0.6309523809523809,0.6298507462686567,0.2444262631926803
individual_avg,Visual|pca|rf,LOSO — same film,P02,0.6450795689716692,0.7027403125669022,0.6486462416654273,0.6404833836858006,0.6447761194029851,0.22558406580369175
individual_avg,Visual|pca|rf,LOSO — same film,P03,0.6298745276965851,0.6721679617879803,0.6880057539727853,0.6287425149700598,0.6298507462686567,0.24186250650272292
individual_avg,Visual|pca|rf,LOSO — same film,P04,0.6716689242175804,0.7349397590361446,0.7469426029192199,0.6726190476190477,0.6716417910447762,0.21231625537591298
individual_avg,Visual|pca|rf,LOSO — same film,P05,0.6775734245794126,0.717101511263188,0.6977686292113221,0.6727272727272727,0.6776119402985075,0.22113226051558438
individual_avg,Visual|pca|rf,LOSO — same film,P06,0.6566621515648392,0.7170100520424894,0.6964588282125898,0.6525679758308157,0.6567164179104478,0.22026275653373456
individual_avg,Visual|pca|rf,LOSO — same film,P07,0.6746506986027945,0.7300399201596807,0.7274739085993744,0.6765578635014837,0.6746268656716418,0.21429893614510678
individual_avg,Visual|pca|rf,LOSO — same film,P08,0.6537035716831825,0.7069936550937478,0.7127351220578937,0.6506024096385542,0.6537313432835821,0.22071209365451583
individual_avg,Visual|pca|rf,LOSO — same film,P09,0.6089505952805304,0.6681400156840379,0.6431141971357563,0.6066066066066066,0.608955223880597,0.24102138467684858
individual_avg,Visual|pca|rf,LOSO — unseen film,P01,0.5316666666666667,0.5711111111111112,0.5471078902558241,0.46153846153846156,0.5409836065573771,0.24558343855088816
individual_avg,Visual|pca|rf,LOSO — unseen film,P02,0.6574675324675325,0.6482683982683982,0.6818607093459402,0.6666666666666666,0.6557377049180327,0.23521783494895016
individual_avg,Visual|pca|rf,LOSO — unseen film,P03,0.5075268817204301,0.5150537634408602,0.548482468802388,0.4827586206896552,0.5081967213114754,0.25345532933820464
individual_avg,Visual|pca|rf,LOSO — unseen film,P04,0.6093073593073594,0.6482683982683982,0.633989655613489,0.6129032258064516,0.6065573770491803,0.23855001178589183
individual_avg,Visual|pca|rf,LOSO — unseen film,P05,0.45751633986928103,0.4444444444444444,0.43858619781237346,0.42105263157894735,0.45901639344262296,0.2664204730817684
individual_avg,Visual|pca|rf,LOSO — unseen film,P06,0.5242456896551724,0.5398706896551724,0.608606797587377,0.5396825396825397,0.5245901639344263,0.24908810208839952
individual_avg,Visual|pca|rf,LOSO — unseen film,P07,0.5408602150537634,0.5978494623655914,0.5950455161085653,0.5333333333333333,0.5409836065573771,0.24207666853403653
individual_avg,Visual|pca|rf,LOSO — unseen film,P08,0.5557359307359307,0.6060606060606061,0.640592231489338,0.5846153846153846,0.5573770491803278,0.24215239036000985
individual_avg,Visual|pca|rf,LOSO — unseen film,P09,0.5904139433551199,0.6176470588235294,0.6325825562530067,0.5614035087719298,0.5901639344262295,0.23889023787223687
individual_avg,Visual + DINOv2|raw|rf,LOSO — same film,P01,0.6178535785571713,0.6598944967208441,0.6791209258217916,0.6097560975609756,0.6179104477611941,0.2366880619783634
individual_avg,Visual + DINOv2|raw|rf,LOSO — same film,P02,0.6591379433383286,0.7037393848569187,0.6488535119545793,0.6459627329192547,0.6597014925373135,0.22155623833165727
individual_avg,Visual + DINOv2|raw|rf,LOSO — same film,P03,0.6328865758893563,0.6754117059955799,0.6974140677431533,0.6328358208955224,0.6328358208955224,0.23028346955899537
individual_avg,Visual + DINOv2|raw|rf,LOSO — same film,P04,0.665965637698724,0.7325158622656305,0.7390730838729307,0.656441717791411,0.6656716417910448,0.20927208261931848
individual_avg,Visual + DINOv2|raw|rf,LOSO — same film,P05,0.6745615911035072,0.7193113772455089,0.7052130988197995,0.6666666666666666,0.6746268656716418,0.21529479375228722
individual_avg,Visual + DINOv2|raw|rf,LOSO — same film,P06,0.6744670991658943,0.7205389605760321,0.7128957476509135,0.6666666666666666,0.6746268656716418,0.2140199048827725
individual_avg,Visual + DINOv2|raw|rf,LOSO — same film,P07,0.6656151981750784,0.7250499001996008,0.7195096019193987,0.6585365853658537,0.6656716417910448,0.2120163674727052
individual_avg,Visual + DINOv2|raw|rf,LOSO — same film,P08,0.6625258430170387,0.712732587153347,0.7271543124550525,0.654434250764526,0.6626865671641791,0.21620902234765307
individual_avg,Visual + DINOv2|raw|rf,LOSO — same film,P09,0.6236900263777001,0.6728808726028374,0.6320065205516827,0.6134969325153374,0.6238805970149254,0.232657627713569
individual_avg,Visual + DINOv2|raw|rf,LOSO — unseen film,P01,0.5727777777777778,0.59,0.47405364774620296,0.5915492957746479,0.5245901639344263,0.2545096492853268
individual_avg,Visual + DINOv2|raw|rf,LOSO — unseen film,P02,0.5876623376623377,0.6428571428571429,0.6581680164556645,0.6923076923076923,0.6065573770491803,0.23807980827460556
individual_avg,Visual + DINOv2|raw|rf,LOSO — unseen film,P03,0.5596774193548387,0.5623655913978495,0.5663839501710682,0.6086956521739131,0.5573770491803278,0.2488410125082703
individual_avg,Visual + DINOv2|raw|rf,LOSO — unseen film,P04,0.6645021645021645,0.6309523809523809,0.6668928780580649,0.7142857142857143,0.6721311475409836,0.23743569233386122
individual_avg,Visual + DINOv2|raw|rf,LOSO — unseen film,P05,0.528322440087146,0.5206971677559913,0.4955357482501511,0.5588235294117647,0.5081967213114754,0.2567162279079092
individual_avg,Visual + DINOv2|raw|rf,LOSO — unseen film,P06,0.5490301724137931,0.5484913793103449,0.5720483119761652,0.6301369863013698,0.5573770491803278,0.2486774576539385
individual_avg,Visual + DINOv2|raw|rf,LOSO — unseen film,P07,0.5919354838709677,0.6086021505376344,0.561697076283799,0.6268656716417911,0.5901639344262295,0.24612381487845464
individual_avg,Visual + DINOv2|raw|rf,LOSO — unseen film,P08,0.5422077922077922,0.5476190476190477,0.6037610398297244,0.64,0.5573770491803278,0.24724055470282852
individual_avg,Visual + DINOv2|raw|rf,LOSO — unseen film,P09,0.616557734204793,0.6372549019607844,0.5492708311307604,0.6129032258064516,0.6065573770491803,0.2422285322433158
individual_avg,Visual + DINOv2|raw|xgb,LOSO — same film,P01,0.6237881380096949,0.662389506700884,0.6797314298242616,0.6111111111111112,0.6238805970149254,0.2397323369032388
individual_avg,Visual + DINOv2|raw|xgb,LOSO — same film,P02,0.6504674231071148,0.7040248340826376,0.6577330212555148,0.64,0.6507462686567164,0.22325522616464605
individual_avg,Visual + DINOv2|raw|xgb,LOSO — same film,P03,0.6209987880516148,0.6681043701432952,0.6916742096471199,0.6231454005934718,0.6208955223880597,0.23653758359213736
individual_avg,Visual + DINOv2|raw|xgb,LOSO — same film,P04,0.6570364297426392,0.7309831040136879,0.7375342110246181,0.6461538461538462,0.6567164179104478,0.2110536874547825
individual_avg,Visual + DINOv2|raw|xgb,LOSO — same film,P05,0.6835079840319361,0.7190262332477901,0.7025923571617607,0.6748466257668712,0.6835820895522388,0.21684762285492165
individual_avg,Visual + DINOv2|raw|xgb,LOSO — same film,P06,0.6535966350609539,0.7159763313609466,0.7077425447640882,0.6463414634146342,0.6537313432835821,0.217536479572432
individual_avg,Visual + DINOv2|raw|xgb,LOSO — same film,P07,0.6745794126033646,0.7213430282292558,0.7202171501086523,0.668693009118541,0.6746268656716418,0.21388338937339957
individual_avg,Visual + DINOv2|raw|xgb,LOSO — same film,P08,0.6654309545875811,0.7092036786198048,0.726057587150469,0.654320987654321,0.6656716417910448,0.21938963595445568
individual_avg,Visual + DINOv2|raw|xgb,LOSO — same film,P09,0.629660654452128,0.6755186426178085,0.6390294388473409,0.6196319018404908,0.6298507462686567,0.23558112057356112
individual_avg,Visual + DINOv2|raw|xgb,LOSO — unseen film,P01,0.63,0.5755555555555556,0.46710957699869576,0.6129032258064516,0.6065573770491803,0.2567319081779671
individual_avg,Visual + DINOv2|raw|xgb,LOSO — unseen film,P02,0.6726190476190477,0.6352813852813852,0.7149899894175651,0.6875,0.6721311475409836,0.2349343504868186
individual_avg,Visual + DINOv2|raw|xgb,LOSO — unseen film,P03,0.575268817204301,0.613978494623656,0.5649534166048438,0.6060606060606061,0.5737704918032787,0.24342861164195098
individual_avg,Visual + DINOv2|raw|xgb,LOSO — unseen film,P04,0.520021645021645,0.5541125541125541,0.6009940713036864,0.5671641791044776,0.5245901639344263,0.2515102679405933
individual_avg,Visual + DINOv2|raw|xgb,LOSO — unseen film,P05,0.4798474945533769,0.48692810457516333,0.4506122602909888,0.4666666666666667,0.47540983606557374,0.2688232116464055
individual_avg,Visual + DINOv2|raw|xgb,LOSO — unseen film,P06,0.49299568965517243,0.5635775862068966,0.6169488698578056,0.4918032786885246,0.4918032786885246,0.2515686747903804
individual_avg,Visual + DINOv2|raw|xgb,LOSO — unseen film,P07,0.5091397849462366,0.503225806451613,0.4713459822307897,0.53125,0.5081967213114754,0.26358138756057176
individual_avg,Visual + DINOv2|raw|xgb,LOSO — unseen film,P08,0.42803030303030304,0.48376623376623384,0.62399760066833,0.5405405405405406,0.4426229508196721,0.26620050917147364
individual_avg,Visual + DINOv2|raw|xgb,LOSO — unseen film,P09,0.48747276688453156,0.5326797385620914,0.5107905112807564,0.5,0.47540983606557374,0.26373799621291527
individual_avg,Visual|pca|logreg,LOSO — same film,P01,0.6029191616766467,0.6099230111206159,0.6032661547901016,0.5932721712538226,0.6029850746268657,0.24207517611443816
individual_avg,Visual|pca|logreg,LOSO — same film,P02,0.5874188253764361,0.6091843288375081,0.5855902229084561,0.5714285714285714,0.5880597014925373,0.243968118913756
individual_avg,Visual|pca|logreg,LOSO — same film,P03,0.590717901190561,0.6523133955942112,0.6411169857216918,0.573208722741433,0.591044776119403,0.23256396536098387
individual_avg,Visual|pca|logreg,LOSO — same film,P04,0.6242781777999572,0.6878163541740927,0.7000960128543738,0.6086956521739131,0.6238805970149254,0.2232161383571182
individual_avg,Visual|pca|logreg,LOSO — same film,P05,0.638740376390077,0.6579697747362419,0.6370139708282352,0.6299694189602446,0.6388059701492538,0.23237159177969424
individual_avg,Visual|pca|logreg,LOSO — same film,P06,0.6236365580665859,0.6577315177871249,0.6365288772521014,0.6111111111111112,0.6238805970149254,0.2316230544019102
individual_avg,Visual|pca|logreg,LOSO — same film,P07,0.5879312802965497,0.6197604790419161,0.6393379577787492,0.56875,0.5880597014925373,0.2403299229734953
individual_avg,Visual|pca|logreg,LOSO — same film,P08,0.5877593213089043,0.627361517074214,0.6142263737895335,0.5714285714285714,0.5880597014925373,0.23786331249683582
individual_avg,Visual|pca|logreg,LOSO — same film,P09,0.58770585299779,0.6193412704070722,0.6027983807441886,0.56875,0.5880597014925373,0.24071457899717805
individual_avg,Visual|pca|logreg,LOSO — unseen film,P01,0.5716666666666668,0.6388888888888888,0.5757186621182261,0.5185185185185185,0.5737704918032787,0.2407300029191688
individual_avg,Visual|pca|logreg,LOSO — unseen film,P02,0.6574675324675325,0.6525974025974026,0.6364093414841374,0.6666666666666666,0.6557377049180327,0.2404502297956661
individual_avg,Visual|pca|logreg,LOSO — unseen film,P03,0.5408602150537634,0.5806451612903226,0.6130474234714296,0.5333333333333333,0.5409836065573771,0.2491350820580288
individual_avg,Visual|pca|logreg,LOSO — unseen film,P04,0.5762987012987013,0.6060606060606061,0.6354070323070266,0.5806451612903226,0.5737704918032787,0.24392009216894525
individual_avg,Visual|pca|logreg,LOSO — unseen film,P05,0.5348583877995643,0.4793028322440087,0.4783600934231648,0.48148148148148145,0.5409836065573771,0.2905446085492087
individual_avg,Visual|pca|logreg,LOSO — unseen film,P06,0.49299568965517243,0.5129310344827587,0.573031088655531,0.4918032786885246,0.4918032786885246,0.27038456252452897
individual_avg,Visual|pca|logreg,LOSO — unseen film,P07,0.5731182795698925,0.6000000000000001,0.6206938410258466,0.5517241379310345,0.5737704918032787,0.2522516811109865
individual_avg,Visual|pca|logreg,LOSO — unseen film,P08,0.5102813852813852,0.5854978354978355,0.6355850081254896,0.5161290322580645,0.5081967213114754,0.255713252808668
individual_avg,Visual|pca|logreg,LOSO — unseen film,P09,0.5904139433551199,0.6132897603485838,0.6067161776429171,0.5614035087719298,0.5901639344262295,0.23878259412538982
individual_avg,Visual|raw|svm,LOSO — same film,P01,0.6119190191046479,0.6675933846592529,0.6923229678757412,0.608433734939759,0.6119402985074627,0.23185335084685021
individual_avg,Visual|raw|svm,LOSO — same film,P02,0.6226896453293371,0.6481481481481481,0.6344943205053043,0.6012658227848101,0.6238805970149254,0.23551330811967444
individual_avg,Visual|raw|svm,LOSO — same film,P03,0.6416019106009838,0.6810080558922079,0.6979482743465868,0.6319018404907976,0.6417910447761194,0.22832332848587986
individual_avg,Visual|raw|svm,LOSO — same film,P04,0.6748948456548085,0.7200933913167462,0.6912109364816861,0.6666666666666666,0.6746268656716418,0.21604509273961353
individual_avg,Visual|raw|svm,LOSO — same film,P05,0.6596449957228401,0.7002423723980612,0.715375239020566,0.6524390243902439,0.6597014925373135,0.22086964016486949
individual_avg,Visual|raw|svm,LOSO — same film,P06,0.6773722107364368,0.7073144649604333,0.6963228096855814,0.6666666666666666,0.6776119402985075,0.21740558524253262
individual_avg,Visual|raw|svm,LOSO — same film,P07,0.6596093527231252,0.6871435700028514,0.6630044090343594,0.6481481481481481,0.6597014925373135,0.22302101952269437
individual_avg,Visual|raw|svm,LOSO — same film,P08,0.6475725386754116,0.6741641120695802,0.6554232543024768,0.6380368098159509,0.6477611940298508,0.22758549500316594
individual_avg,Visual|raw|svm,LOSO — same film,P09,0.6415484422898695,0.6509410422756112,0.6285655207208778,0.6296296296296297,0.6417910447761194,0.22979943467685643
individual_avg,Visual|raw|svm,LOSO — unseen film,P01,0.5544444444444444,0.5194444444444445,0.4655973135353473,0.5538461538461539,0.5245901639344263,0.2502163439933846
individual_avg,Visual|raw|svm,LOSO — unseen film,P02,0.5957792207792207,0.577922077922078,0.6205060761931819,0.6666666666666666,0.6065573770491803,0.24370948477275706
individual_avg,Visual|raw|svm,LOSO — unseen film,P03,0.5435483870967741,0.456989247311828,0.45889903070148774,0.6,0.5409836065573771,0.26906858210332074
individual_avg,Visual|raw|svm,LOSO — unseen film,P04,0.6396103896103896,0.6466450216450217,0.6473555415664658,0.65625,0.639344262295082,0.23824758477460553
individual_avg,Visual|raw|svm,LOSO — unseen film,P05,0.42864923747276684,0.5070806100217864,0.5542772111868266,0.47058823529411764,0.4098360655737705,0.25590173746269146
individual_avg,Visual|raw|svm,LOSO — unseen film,P06,0.5193965517241379,0.5808189655172413,0.6675674411731536,0.5797101449275363,0.5245901639344263,0.24761535413391184
individual_avg,Visual|raw|svm,LOSO — unseen film,P07,0.5419354838709678,0.5580645161290323,0.5615184353834338,0.5625,0.5409836065573771,0.251251265631794
individual_avg,Visual|raw|svm,LOSO — unseen film,P08,0.5957792207792207,0.5670995670995671,0.6055626761745733,0.6666666666666666,0.6065573770491803,0.24810088758857798
individual_avg,Visual|raw|svm,LOSO — unseen film,P09,0.6492374727668846,0.6595860566448801,0.5481266936033113,0.6037735849056604,0.6557377049180327,0.2363797392396662
individual_avg,Visual + DINOv2|pca|xgb,LOSO — same film,P01,0.6088715426290277,0.6606073567151411,0.672412104258659,0.5969230769230769,0.608955223880597,0.24350858927687122
individual_avg,Visual + DINOv2|pca|xgb,LOSO — same film,P02,0.6439020909155784,0.6992078783986299,0.65093589079562,0.6269592476489029,0.6447761194029851,0.22652924407591407
individual_avg,Visual + DINOv2|pca|xgb,LOSO — same film,P03,0.6117487702288444,0.6629357667355814,0.6935826032217092,0.6012269938650306,0.6119402985074627,0.24161803557627687
individual_avg,Visual + DINOv2|pca|xgb,LOSO — same film,P04,0.6718827974620375,0.7284522706209453,0.7324638983677477,0.6646341463414634,0.6716417910447762,0.21341629181188657
individual_avg,Visual + DINOv2|pca|xgb,LOSO — same film,P05,0.6715497576276019,0.7142144282862843,0.7001846928448903,0.6604938271604939,0.6716417910447762,0.22083418356139528
individual_avg,Visual + DINOv2|pca|xgb,LOSO — same film,P06,0.6654309545875811,0.7107720824124902,0.6970023419214759,0.654320987654321,0.6656716417910448,0.22124651076035945
individual_avg,Visual + DINOv2|pca|xgb,LOSO — same film,P07,0.6745794126033646,0.7222341032221271,0.7217702173428331,0.668693009118541,0.6746268656716418,0.21551646482164336
individual_avg,Visual + DINOv2|pca|xgb,LOSO — same film,P08,0.6564482783203821,0.7049975048121481,0.7166117157786032,0.6439628482972136,0.6567164179104478,0.22157814906282533
individual_avg,Visual + DINOv2|pca|xgb,LOSO — same film,P09,0.6325657660226707,0.6753404149140944,0.6462558738534989,0.6191950464396285,0.6328358208955224,0.23850154298283488
individual_avg,Visual + DINOv2|pca|xgb,LOSO — unseen film,P01,0.5666666666666667,0.5333333333333333,0.42246281900975563,0.5797101449275363,0.5245901639344263,0.27520409681266245
individual_avg,Visual + DINOv2|pca|xgb,LOSO — unseen film,P02,0.5422077922077922,0.5670995670995671,0.6212399632698236,0.64,0.5573770491803278,0.25348353481455826
individual_avg,Visual + DINOv2|pca|xgb,LOSO — unseen film,P03,0.460752688172043,0.524731182795699,0.5861330186435321,0.5074626865671642,0.45901639344262296,0.26877111132452464
individual_avg,Visual + DINOv2|pca|xgb,LOSO — unseen film,P04,0.560064935064935,0.5530303030303031,0.6028336146521588,0.6486486486486487,0.5737704918032787,0.2536438373517394
individual_avg,Visual + DINOv2|pca|xgb,LOSO — unseen film,P05,0.5468409586056645,0.47712418300653586,0.42613539504193276,0.5797101449275363,0.5245901639344263,0.2873192811326709
individual_avg,Visual + DINOv2|pca|xgb,LOSO — unseen film,P06,0.4568965517241379,0.509698275862069,0.5169518626901393,0.49230769230769234,0.45901639344262296,0.269216050397049
individual_avg,Visual + DINOv2|pca|xgb,LOSO — unseen film,P07,0.443010752688172,0.46881720430107526,0.48223403953189503,0.45161290322580644,0.4426229508196721,0.27547768907043446
individual_avg,Visual + DINOv2|pca|xgb,LOSO — unseen film,P08,0.5297619047619048,0.5551948051948052,0.6141615711874561,0.6111111111111112,0.5409836065573771,0.2508529099352708
individual_avg,Visual + DINOv2|pca|xgb,LOSO — unseen film,P09,0.528322440087146,0.5054466230936818,0.45738230525346657,0.5588235294117647,0.5081967213114754,0.2795580896299472
individual_avg,Visual + Audio|raw|rf,LOSO — same film,P01,0.6000142571998859,0.6433561448531508,0.6722854641992808,0.6011904761904762,0.6,0.2347816394902467
individual_avg,Visual + Audio|raw|rf,LOSO — same film,P02,0.6385142367801327,0.673802897309641,0.6269841121174169,0.6276923076923077,0.6388059701492538,0.22873732049703976
individual_avg,Visual + Audio|raw|rf,LOSO — same film,P03,0.6148677550438439,0.6783702858772367,0.7043771591489216,0.6102719033232629,0.6149253731343284,0.22649628308261166
individual_avg,Visual + Audio|raw|rf,LOSO — same film,P04,0.6510658016682114,0.7197191131389462,0.718370385103948,0.64,0.6507462686567164,0.2188053241018269
individual_avg,Visual + Audio|raw|rf,LOSO — same film,P05,0.6417165668662674,0.7056601083547192,0.7071733826140456,0.6319018404907976,0.6417910447761194,0.22114406728250094
individual_avg,Visual + Audio|raw|rf,LOSO — same film,P06,0.6532758251942683,0.7154416482498039,0.7083739455829297,0.6329113924050633,0.6537313432835821,0.21969791853762702
individual_avg,Visual + Audio|raw|rf,LOSO — same film,P07,0.6237703165098374,0.6865198175078415,0.6870057697149082,0.6086956521739131,0.6238805970149254,0.22515381661874775
individual_avg,Visual + Audio|raw|rf,LOSO — same film,P08,0.6357382191487845,0.6789406145291224,0.6897267766587829,0.6303030303030303,0.6358208955223881,0.22629221524080628
individual_avg,Visual + Audio|raw|rf,LOSO — same film,P09,0.5938903543166749,0.6390888999786127,0.6337816622819145,0.5853658536585366,0.5940298507462687,0.23505471311766346
individual_avg,Visual + Audio|raw|rf,LOSO — unseen film,P01,0.5544444444444444,0.5866666666666667,0.5429079580068267,0.5538461538461539,0.5245901639344263,0.25429997407210103
individual_avg,Visual + Audio|raw|rf,LOSO — unseen film,P02,0.6287878787878788,0.6266233766233766,0.6505863118282524,0.6944444444444444,0.639344262295082,0.23744791581672428
individual_avg,Visual + Audio|raw|rf,LOSO — unseen film,P03,0.5763440860215053,0.5913978494623655,0.559749018551914,0.6285714285714286,0.5737704918032787,0.2469515230070096
individual_avg,Visual + Audio|raw|rf,LOSO — unseen film,P04,0.6645021645021645,0.670995670995671,0.6508970097910473,0.7142857142857143,0.6721311475409836,0.2325232267818364
individual_avg,Visual + Audio|raw|rf,LOSO — unseen film,P05,0.5392156862745098,0.565359477124183,0.5754328434069775,0.5538461538461539,0.5245901639344263,0.2550679096846793
individual_avg,Visual + Audio|raw|rf,LOSO — unseen film,P06,0.5350215517241379,0.5732758620689655,0.640632145741807,0.6,0.5409836065573771,0.24573148822264554
individual_avg,Visual + Audio|raw|rf,LOSO — unseen film,P07,0.6413978494623656,0.6150537634408602,0.5755603390526287,0.6764705882352942,0.639344262295082,0.24211453308148212
individual_avg,Visual + Audio|raw|rf,LOSO — unseen film,P08,0.4816017316017316,0.5119047619047619,0.5904516489780786,0.5633802816901409,0.4918032786885246,0.2526837002865282
individual_avg,Visual + Audio|raw|rf,LOSO — unseen film,P09,0.5800653594771241,0.6122004357298474,0.5314774436395959,0.6086956521739131,0.5573770491803278,0.2460426591955898
