target,config,variant,ba_mean,ba_sd,auc_mean,auc_sd,n_above_chance,wilcoxon_p,label
individual,Visual + Audio|raw|rf,LOSO — same film,0.6184945789395978,0.020834876825516515,0.6689316158428296,0.01908695859887137,9.0,0.001953125,Random forest · Visual + Audio · raw
individual,Visual + Audio|raw|rf,LOSO — unseen film,0.5628108118284686,0.054865607284696784,0.5493379792091297,0.05985619273539169,8.0,0.009765625,Random forest · Visual + Audio · raw
individual,Visual + CLIP + DINOv2|raw|xgb,LOSO — same film,0.6440961257462252,0.02399199424770474,0.6802020490229134,0.027538678017370855,9.0,0.001953125,XGBoost · Visual + CLIP + DINOv2 · raw
individual,Visual + CLIP + DINOv2|raw|xgb,LOSO — unseen film,0.5097030652616892,0.07521372321687965,0.490793190039682,0.06922353765215605,5.0,0.455078125,XGBoost · Visual + CLIP + DINOv2 · raw
individual,Visual + DINOv2|pca|xgb,LOSO — same film,0.6443951254914321,0.025773663815424983,0.6778798662082212,0.025324090350322095,9.0,0.001953125,XGBoost · Visual + DINOv2 · PCA
individual,Visual + DINOv2|pca|xgb,LOSO — unseen film,0.4728106657841018,0.03226396852417496,0.44743452781701465,0.08069424672054655,2.0,0.986328125,XGBoost · Visual + DINOv2 · PCA
individual,Visual + DINOv2|raw|rf,LOSO — same film,0.6498098362945132,0.023200953567138537,0.6814776486315376,0.025196996161085384,9.0,0.001953125,Random forest · Visual + DINOv2 · raw
individual,Visual + DINOv2|raw|rf,LOSO — unseen film,0.5083618527027168,0.053519443337952506,0.5077574763603316,0.04102089798025414,5.0,0.28515625,Random forest · Visual + DINOv2 · raw
individual,Visual + DINOv2|raw|xgb,LOSO — same film,0.6477450961211607,0.024253744488964116,0.6800992579340656,0.025994454692024657,9.0,0.001953125,XGBoost · Visual + DINOv2 · raw
individual,Visual + DINOv2|raw|xgb,LOSO — unseen film,0.4710405011791491,0.06999535608622917,0.4754202276250028,0.061944299541259,3.0,0.875,XGBoost · Visual + DINOv2 · raw
individual,Visual|pca|logreg,LOSO — same film,0.5792775194567917,0.015377222113868574,0.6176104118771507,0.024784742278306123,9.0,0.001953125,Logistic regression · Visual · PCA
individual,Visual|pca|logreg,LOSO — unseen film,0.5355938303280354,0.05814925291588833,0.5115466036517597,0.0780410634232626,6.0,0.048828125,Logistic regression · Visual · PCA
individual,Visual|pca|rf,LOSO — same film,0.6406091099754507,0.028565382619670166,0.6784310494474666,0.026621128821814458,9.0,0.001953125,Random forest · Visual · PCA
individual,Visual|pca|rf,LOSO — unseen film,0.48117412219291467,0.08007332533965734,0.4850962357816802,0.06902560968379083,4.0,0.71484375,Random forest · Visual · PCA
individual,Visual|pca|svm,LOSO — same film,0.6309844185484705,0.025116848362353873,0.6668574477764005,0.021049659932081865,9.0,0.001953125,SVM (RBF) · Visual · PCA
individual,Visual|pca|svm,LOSO — unseen film,0.45627826107199543,0.060912317543552544,0.48118522649958845,0.08596361920346607,2.0,0.962890625,SVM (RBF) · Visual · PCA
individual,Visual|pca|xgb,LOSO — same film,0.6317198718420021,0.024186945393835257,0.6789291903536957,0.02751779203517684,9.0,0.001953125,XGBoost · Visual · PCA
individual,Visual|pca|xgb,LOSO — unseen film,0.51588184703233,0.07205558099481128,0.49764491551277806,0.08123997744793733,5.0,0.3671875,XGBoost · Visual · PCA
individual,Visual|raw|rf,LOSO — same film,0.6171219202784898,0.019147723800665147,0.6680084537777264,0.018596908381039143,9.0,0.001953125,Random forest · Visual · raw
individual,Visual|raw|rf,LOSO — unseen film,0.5596629417050314,0.04729338880927941,0.5509457789883472,0.055397126042310035,9.0,0.001953125,Random forest · Visual · raw
individual,Visual|raw|svm,LOSO — same film,0.6130695029285812,0.03146199205047624,0.6567883457447078,0.029459608773786134,9.0,0.001953125,SVM (RBF) · Visual · raw
individual,Visual|raw|svm,LOSO — unseen film,0.4536106706766746,0.06545546443327359,0.4617461762345785,0.07868721965675211,2.0,0.974609375,SVM (RBF) · Visual · raw
individual_avg,Visual + Audio|raw|rf,LOSO — same film,0.6280948147475451,0.02140796248861903,0.682322169977675,0.028602464649282632,9.0,0.001953125,Random forest · Visual + Audio · raw
individual_avg,Visual + Audio|raw|rf,LOSO — unseen film,0.5779311946995401,0.05840285301272512,0.5948308737796331,0.044456254109689154,8.0,0.00390625,Random forest · Visual + Audio · raw
individual_avg,Visual + CLIP + DINOv2|raw|xgb,LOSO — same film,0.6509168684394699,0.024025926948067648,0.6996928122071965,0.025459673237197212,9.0,0.001953125,XGBoost · Visual + CLIP + DINOv2 · raw
individual_avg,Visual + CLIP + DINOv2|raw|xgb,LOSO — unseen film,0.5691368267986987,0.0527693021491455,0.5848872130464877,0.05188111993683308,8.0,0.005859375,XGBoost · Visual + CLIP + DINOv2 · raw
individual_avg,Visual + DINOv2|pca|xgb,LOSO — same film,0.6485532633774542,0.02574902237922129,0.6976402006797158,0.02532561027185272,9.0,0.001953125,XGBoost · Visual + DINOv2 · PCA
individual_avg,Visual + DINOv2|pca|xgb,LOSO — unseen film,0.5149471877753847,0.04789443186468252,0.5216083864130077,0.03446169017309114,6.0,0.212890625,XGBoost · Visual + DINOv2 · PCA
individual_avg,Visual + DINOv2|raw|rf,LOSO — same film,0.6529670548136443,0.022023541756543693,0.7024527941795888,0.026339124033446425,9.0,0.001953125,Random forest · Visual + DINOv2 · raw
individual_avg,Visual + DINOv2|raw|rf,LOSO — unseen film,0.5791859246757345,0.042123932670016115,0.5876488624879085,0.044841309085954247,9.0,0.001953125,Random forest · Visual + DINOv2 · raw
individual_avg,Visual + DINOv2|raw|xgb,LOSO — same film,0.6510073799607808,0.022249719493349848,0.7007299698906789,0.025396965513282733,9.0,0.001953125,XGBoost · Visual + DINOv2 · raw
individual_avg,Visual + DINOv2|raw|xgb,LOSO — unseen film,0.5328217276571794,0.07821723980002858,0.549900606570572,0.053704301884246894,5.0,0.212890625,XGBoost · Visual + DINOv2 · raw
individual_avg,Visual|pca|logreg,LOSO — same film,0.6034563839003898,0.020127758596918573,0.637933516530333,0.02712769156280119,9.0,0.001953125,Logistic regression · Visual · PCA
individual_avg,Visual|pca|logreg,LOSO — unseen film,0.5608845334608665,0.04867196903876756,0.5854681690456007,0.05626427344933356,8.0,0.00390625,Logistic regression · Visual · PCA
individual_avg,Visual|pca|rf,LOSO — same film,0.6497809702286301,0.023491669215772407,0.7014307920360244,0.027035083555663933,9.0,0.001953125,Random forest · Visual · PCA
individual_avg,Visual|pca|rf,LOSO — unseen film,0.5527489509812507,0.05927155197372479,0.5765082147153456,0.06699736098967699,8.0,0.01953125,Random forest · Visual · PCA
individual_avg,Visual|pca|svm,LOSO — same film,0.6416583075046498,0.017626729082770975,0.657638944206302,0.025476936485689432,9.0,0.001953125,SVM (RBF) · Visual · PCA
individual_avg,Visual|pca|svm,LOSO — unseen film,0.5505780740772144,0.05713375283895728,0.5504515249294488,0.06311131236059492,6.0,0.025390625,SVM (RBF) · Visual · PCA
individual_avg,Visual|pca|xgb,LOSO — same film,0.6575454387131473,0.02914499362212579,0.6984749396698473,0.027038968134049584,9.0,0.001953125,XGBoost · Visual · PCA
individual_avg,Visual|pca|xgb,LOSO — unseen film,0.5470157836214439,0.04634570286234617,0.564096507430913,0.052078976799023007,8.0,0.009765625,XGBoost · Visual · PCA
individual_avg,Visual|raw|rf,LOSO — same film,0.6260598580209842,0.025894546212331223,0.6814707580388989,0.026858924565218562,9.0,0.001953125,Random forest · Visual · raw
individual_avg,Visual|raw|rf,LOSO — unseen film,0.5956671625918637,0.045781524878982384,0.5925653643554252,0.04820374126718174,9.0,0.001953125,Random forest · Visual · raw
individual_avg,Visual|raw|svm,LOSO — same film,0.6485392178708289,0.022019927858422387,0.6818498379692103,0.024575161522054505,9.0,0.001953125,SVM (RBF) · Visual · raw
individual_avg,Visual|raw|svm,LOSO — unseen film,0.5631533787272007,0.06736232359255173,0.5637389451928754,0.06438568872242156,8.0,0.01953125,SVM (RBF) · Visual · raw
