segment,pc1,pc2,tsne1,tsne2,group_isc
0,0.14563851602058203,2.597258517643096,17.907368,2.3413937,0.026326435230051477
1,4.7077104799291885,-0.5654929731975737,13.045594,3.461192,-0.03282027650210592
2,7.408030119062959,0.8283593509974061,17.551792,1.6206048,-0.010453867001665963
3,10.658985002711937,-0.6365028589096358,16.881178,0.62316406,0.11758419126272202
4,15.428072963024198,-4.736771706707174,16.071539,-0.6817069,0.043019045868681535
5,18.444557842792452,-0.5767032529246269,16.49988,-1.8446193,0.050491989590227604
6,17.841777138545083,-6.331285970502671,16.384665,-2.3621578,0.13001536950469017
7,17.39418395505844,-4.986200196688617,14.737623,-2.8157017,0.07596941333678034
8,15.523670023155008,-7.422611729420643,16.74919,-3.3936808,0.060984860070877604
9,15.53176124603158,-0.9389457073565054,11.484329,-3.2901208,0.06149205379188061
10,12.08102934755722,0.923025420960508,11.059501,-3.1272397,0.046943805697891444
11,7.530199965627663,1.6892380231558222,8.172781,-2.7522144,0.06282566725793812
12,11.623294368539154,0.17514615057960112,11.546715,-0.71812695,0.006222057673666213
13,13.241765870922826,0.2810480039762376,12.453978,-3.1362407,0.11815504688355657
14,14.501619932394561,-1.4140348058449115,10.709794,-3.543135,0.04104243332727088
15,19.612597621428176,-5.275115911090693,13.250133,-0.9005658,0.06607285229903129
16,16.474231282956666,-2.7544270333578864,12.266217,-5.0239935,0.044725375870863594
17,8.298936895719429,-0.24930705413483395,7.759137,-4.5903335,0.00992261256194777
18,0.9426689245620034,0.9533910943564731,6.168361,-2.009131,-0.02684623541103469
19,2.0680519372453423,-0.8113542620838841,7.9463835,2.9632115,-0.020591037451393075
20,3.07100004051901,-0.32511596887067823,6.283822,1.733106,-0.018006468191742897
21,4.167993126264842,-0.8910869796101696,7.724523,0.6273304,0.005896504502743483
22,4.269686342153688,-1.096556633184038,8.9288,9.376651,0.07482502288702461
23,1.999181289116386,0.6500261319131699,1.9937248,-2.1965094,0.1194814227314459
24,2.857708445331117,-1.876254521141726,6.0380754,7.9008045,0.028376976338525612
25,0.5528322243313408,1.1887654535705012,0.3997524,-0.041977555,0.12675470113754272
26,1.5850762939239842,0.7696105143098767,3.5499592,8.01511,0.029334994291679725
27,0.9911814461860893,-1.0056083237119628,9.947711,7.52078,0.06687777241071065
28,3.991266941551344,-0.6927702192740895,8.026957,9.407013,0.08278451880647077
29,1.329531461576396,-5.385634230037822,-0.9606184,-5.0903473,0.05219493651141723
30,3.5632736739744932,-1.1379713356557328,5.6702113,12.299939,0.02565409905380673
31,1.1715165644223933,2.0860341359921413,0.73022157,3.0991433,0.03416678930322329
32,2.263261400694509,-0.6182787109385127,6.9035025,5.5390315,0.06275237600008647
33,3.4721748146670004,1.0679948158591774,6.7858,9.483988,0.05322344202755226
34,1.583984321845044,2.992542241545603,1.916766,-0.5900829,0.00018338548640410104
35,2.7627416021007716,2.744613060915142,4.940791,10.173382,0.018024467759662204
36,-0.956260973929257,4.182880194839818,0.13229112,2.2610393,0.043020725095023714
37,1.0671726405758708,1.1439240825636625,4.6281276,9.91706,-0.03435241524130106
38,-3.2945055689953033,0.5328647070818947,-2.0287373,0.12253019,0.11727229474733274
39,-3.7185183076091954,1.3627913601880548,-5.9619126,2.834937,-0.030282094867693052
40,-2.267524285198489,1.2316207169163285,0.13630982,12.533889,0.06984075096746285
41,3.1078052882652596,-0.509580552898402,10.159657,8.765123,0.027775182906124327
42,0.5120952795840881,0.16442784602721616,-0.25059348,-2.807554,0.04810798085398144
43,-1.9908465724469717,-0.019483694214513805,-5.5336823,2.3062348,0.00799741575287448
44,-5.732128332471861,1.1620581465623012,-7.714372,7.220165,0.05258661053246922
45,-5.61795360600442,0.7989556848394588,-8.574092,6.383556,0.055600426573720246
46,-5.7254289931737565,0.379444834687685,-9.020814,6.345681,0.01155512241853608
47,-5.342226805756709,0.3261629857382206,-9.237718,5.8949623,-0.006046759895980358
48,-5.522947044554053,0.15317816194548342,-9.657459,5.8795347,0.07535085495975283
49,-5.87252181615718,0.8734246618308992,-10.144422,5.561006,0.1493249105082618
50,-2.1980929224073518,2.2294723680949975,0.8837135,12.327292,0.016335254793779716
51,0.5752865389737092,-0.6230428939657345,10.323082,9.119126,0.1052985547317399
52,0.8464112642566325,-1.1633670553450484,1.1747952,-2.3396163,0.06465820999195178
53,0.15726128559208757,-0.20662667283733732,-3.8801506,2.891921,0.08002479457192951
54,1.513520770945407,1.5102446511981393,3.6650896,10.459033,0.0479289096676641
55,3.3156580757927885,-0.4833315433237547,9.331909,9.238515,0.1915172967645857
56,5.129135947186262,-0.6978919791070701,7.8049803,8.250108,0.026334374004768
57,2.8387305042268887,2.3081673927609985,2.909489,-1.728956,-0.005660637178354793
58,2.5372641222087635,-0.16590998426725354,5.7470937,9.8491955,-0.01173649417857329
59,-1.6931563887441423,-0.6866624419028381,-2.5316396,-0.28603128,0.0862810756597254
60,-2.3406011994660143,-0.186997145571497,-6.6670976,2.6841078,0.06288195132381386
61,0.6588227424129327,0.4726534505504959,2.9719954,11.031934,0.10515075301130612
62,-0.2727993714686886,2.3454500700086127,1.0200313,0.1364001,0.05358260249098142
63,2.078089573153489,-5.3934768990748605,6.0506563,13.377973,0.024595508869323466
64,1.9965020617781422,-3.240882493449783,8.550088,12.730648,0.015026698095930947
65,4.421358081478234,-1.517204419334326,6.9689555,5.921221,0.0413190723500318
66,4.017797016643195,0.8256896813575744,6.932914,9.108701,-0.017214494705614116
67,0.12875727931617062,2.270990995433138,2.065293,-1.36734,0.025702470525478322
68,-2.0261756725696416,3.097163505254684,-5.6799417,3.9173484,-0.025974017360972032
69,-3.252659596539757,4.2636595772471395,-2.8024082,7.214573,0.08962915286732216
70,-1.896119455500495,3.5818010441251644,-2.171896,7.4991245,0.12502421055816942
71,1.407920426237869,2.7891597934076957,2.0858657,10.192761,0.06772739585075113
72,-0.10048867578317595,2.5282513542036327,0.15559103,1.6925236,0.06561087547904915
73,4.589057890813341,0.0794805082817006,5.0977917,6.2876983,0.08289358723494741
74,1.4561044580577103,-0.33632649548647997,2.5191078,3.1981587,0.07297453356699811
75,3.577244747108229,0.8135988439746431,3.592347,6.5809693,0.05109536647796631
76,-0.17757366541170438,2.251371067304961,0.9489062,0.63380784,0.02386809057659573
77,-0.17804807328856986,3.476940805506424,-0.9083279,5.449473,0.039449607487767935
78,-2.3207739744725466,3.8237908507920015,-1.8941898,6.050864,0.024715894729726844
79,-2.4246467117057775,3.1268164783192023,-2.1339262,6.728641,0.07977645771784915
80,-2.2107369329977913,3.0771477760322767,-1.805139,7.1510997,-0.005743532234595882
81,-1.8744719461976072,3.1606493738535875,-1.3782923,6.9454927,0.050874068298273616
82,-0.40600156038378893,1.814107698439215,2.1015468,9.360419,0.02655555173340771
83,-2.60711950461103,1.6651829869223256,-1.3127415,1.597076,-0.006752060312363837
84,-3.912099446293219,1.6711273312817692,-6.672706,3.3985891,-0.0074404821627669865
85,-4.471748503661794,2.508103877514579,-4.4406676,7.817639,0.011984328273683786
86,-2.5649562541929356,2.242897626580245,-3.9094706,7.9241276,0.04781600118925174
87,0.8642999542916985,1.7495040654332894,3.0744202,5.038507,0.03192343148920271
88,0.2347444416378858,0.5055643696864318,3.3065767,3.028409,0.07091640929381053
89,3.564045732563535,-0.9542533892428003,5.2802515,7.7273145,0.06833116544617547
90,-0.22992394359755713,0.37939043939621486,0.058553636,-0.74611014,0.07655941281053755
91,0.24308239452858474,0.17008593652266984,3.3499103,8.158128,0.055936100582281746
92,0.009981537833378844,1.5218369154757543,1.4749677,3.681424,0.0004376270290878084
93,2.4719102049887645,0.5293864698837571,5.8530006,4.4917536,0.04676773456028766
94,0.5513366413339411,0.1752532663409201,4.7337303,1.6554773,0.050767897731728025
95,1.7265132077678844,0.13157138111334937,4.2745395,8.572631,0.09096514226661788
96,3.1400194783651227,-2.448576900671159,8.692731,11.681839,0.022879665303561423
97,5.17964114613318,-2.5459287718149968,8.354892,7.9620543,0.18761787480778164
98,1.2739317114647346,0.9446658695944447,0.5753325,-3.4519813,0.0756734281571375
99,-2.285285827353719,2.305228753714376,-4.124524,4.103243,0.037656948177350894
100,-5.987345307320435,2.414289989219679,-7.568078,9.724789,0.03281631600111723
101,-6.545036588905884,2.111462901564443,-8.042758,9.38408,-0.037254080823105246
102,-6.742414192951483,1.7080259472378745,-9.205589,8.925648,0.005209286128067308
103,-6.753758133033985,1.72134263860943,-9.706505,8.440643,-0.00565662504070335
104,-6.767913143197954,1.610643523952332,-10.174014,8.707642,-0.0458910439370407
105,-7.255392377647323,1.5517532021608886,-10.506705,8.1104,0.11249402165412903
106,-7.184239289876535,1.5723075684390422,-10.915591,8.553812,-0.005932162282988429
107,-6.859218565411475,1.3547424060883162,-11.320667,8.035206,-0.0013361468704210387
108,-2.586430929715315,1.0588994441802897,0.17197563,13.503711,-0.010773391980263922
109,-1.3128907604055655,1.8362030923859414,-1.4114465,2.9970205,0.03282311082714134
110,2.6841678779591205,0.33126905176822186,5.1105237,5.2180543,0.08786466950550675
111,3.126080064741526,0.9231391341147472,3.2927313,3.76498,0.0866947579714987
112,0.6784505021444787,-0.21289497128622537,3.8441281,1.4870322,-0.022003814888497192
113,-0.2810911485172351,0.7296450477166321,2.2790163,6.8136954,0.06753278978996807
114,-3.5287979595039936,1.4926977659539842,-0.9692452,-0.069138095,0.0976856742054224
115,-4.8923590936688806,1.8622382834243234,-6.15434,5.1022463,0.04414754423002402
116,-6.5528461672385525,2.0472299783364045,-8.786429,8.282851,0.05233772099018097
117,-3.1503577955483797,0.17166823817645002,-0.18217391,12.238873,0.10494812122649616
118,1.2165242228618556,-2.3271846127191393,10.17651,7.376274,0.13232043758034706
119,3.9392425875578363,0.06702589977428447,5.6922617,3.9755213,0.0791772020359834
120,4.457380727612081,-0.6143605432641202,5.191535,4.2054753,0.06117290899985366
121,0.700122329073796,0.8254409847411207,3.496082,1.1735057,0.09778071712288591
122,1.9282437109298889,-0.2676677835086277,4.2669353,9.256214,0.0016726776957511902
123,-2.8796037383310487,-0.3565598001735976,-0.9253056,-0.84446317,0.01780585240986612
124,-4.440526282229082,0.2593786406743678,-5.3560348,4.7638736,0.01967301478402482
125,-6.9250379699883515,0.9133046888592322,-8.813338,9.780206,-0.0075442009708947605
126,-7.173603918167291,1.8602827305660836,-8.465669,10.655044,0.050091019107235804
127,-7.428030636776581,1.424511967605263,-9.286306,10.245204,0.014729672835932838
128,-3.0793732864039107,-0.41044185779462267,0.3216477,11.874795,0.045696880771882005
129,-3.9665448575921007,0.6821424440545518,-1.8026305,0.64745736,0.025404233588940568
130,0.8238211629490433,-2.534807619741799,5.1804223,13.441566,0.020987587773965463
131,6.791323092090447,-4.526181742607798,9.906114,5.2032704,0.1407117893298467
132,14.836412175403366,-5.439354243388156,13.824193,-2.6378295,0.13852582375208536
133,7.8766926518982565,-1.150308476298317,6.784664,-4.649653,0.13467681863241726
134,6.6212833526553085,-0.16055791074323206,7.8763,-1.0451243,0.04670948442071676
135,4.829860977582857,0.15744236204391618,9.477454,10.576978,-0.004528965801000595
136,2.5881557300285065,2.133252167093125,2.223752,-3.5815856,0.09603435608247916
137,4.2239292492498155,-0.9431673041386016,6.6419153,11.918225,0.00939966013862027
138,2.2432385531791006,-1.550588814177749,10.759853,10.907902,0.04478811431262228
139,0.04046577107272959,0.8073354649337079,0.8155295,-4.158855,0.029486435517254803
140,1.446452988150805,2.046564520441185,4.6843204,11.064742,-0.003601199947297573
141,0.96849188673034,2.937906791932571,1.6199392,1.2593402,0.09208918259375626
142,2.6522497855331233,2.917961360419021,0.5809146,5.962866,0.09339000201887554
143,0.23010675809196396,3.6231516244481687,0.11768866,6.321,0.043143125975297555
144,1.9291135346977846,2.473760485575577,1.2371181,8.012872,0.020646869722339842
145,-0.6388475751808286,1.1359166681087747,-0.15975969,0.46461532,-0.007778055189798276
146,-1.9176843196522484,1.9643699821227734,-4.995735,3.4669423,0.05549473838052816
147,-4.791405331720642,2.6916589244616915,-7.3737717,8.169471,0.03507958114561108
148,-5.032964215804032,3.841850610095136,-6.404874,8.562952,0.0196040751826432
149,-0.791332167980201,2.8387829294155553,1.6144496,13.2907715,0.15753821573323673
150,12.565288629002685,0.8146911875775095,13.480192,2.1457152,0.07848874189787441
151,22.483403227709733,-2.0685655136814916,14.894065,-1.515801,0.07474397992094357
152,21.172428858745217,-1.868054132013942,13.410954,-4.392187,0.10783441478593482
153,23.384198900803217,-3.6928629700459497,14.480308,-3.6794603,0.007829728070646524
154,16.659311041362578,2.8803685894618836,17.485332,-5.76998,0.08973345408837001
155,8.840747874511917,7.28168974134858,21.623648,3.3026419,0.17108721948332256
156,7.625629263913157,6.709849946189661,21.317608,6.2233586,0.06846536902917756
157,10.840394049538919,4.564737576229956,12.727625,1.8193724,0.014514592476189137
158,15.670064296180865,3.384142481657208,11.902116,-4.9966364,-0.019373055237034958
159,12.480704149488087,4.562598878802405,8.868054,-4.685919,-0.007877947141726812
160,20.295422942250692,2.6654385815333073,15.13043,0.91314447,0.01235497204793824
161,7.8621564812027245,3.81294185516064,22.012514,0.92873865,-0.009336458415620856
162,8.709956924371479,5.808733337605095,21.218655,4.3697457,0.05719071895711952
163,-0.6639347689255632,7.560822243093734,24.038767,10.226671,0.03886625108619531
164,-1.1782625221366494,7.838716465583405,24.671095,8.098178,0.09458251007729107
165,-0.36243347840542944,10.052211046633818,23.096588,12.923241,0.018083226090917986
166,1.269687570437323,10.180941219568467,22.843924,11.784885,0.10570040076143211
167,-0.8012132177818946,7.582668251982748,24.36995,9.165961,0.02331516757193539
168,-3.0670649764054243,7.745515510944529,24.77759,8.198708,0.04496289644804266
169,0.7424218930524102,7.355857742117638,21.948872,13.549818,0.0018641286426120335
170,1.2171653375140705,7.703545033118824,22.77717,10.509104,0.12236307085388237
171,4.212978414975302,7.208065010793576,21.693705,7.1564875,0.017255368280327983
172,3.1768795143879283,6.535185354993634,22.19718,11.080886,0.016060082138412528
173,1.1507292993542972,7.7299336098573335,23.40011,8.975299,0.04109071671134896
174,-0.4194160002705567,8.453011872238864,23.448782,8.033634,0.08188008558419016
175,1.640760441714923,8.602709537062466,22.675056,13.36688,0.013030009033779303
176,-0.38293852556931424,10.425990090499184,24.411182,10.787023,0.0809429818764329
177,-0.9354819334001616,10.718971872379202,24.109133,7.8053293,0.02799059885243575
178,0.14709452437168047,8.283743377140228,22.573471,13.373677,-0.028692562753955524
179,3.1183615972595655,6.449005186357314,21.55767,12.423499,0.08950341948204571
180,0.9123463262693436,7.426259963543407,26.176044,8.969232,0.13043064355022377
181,-1.1447690638889105,8.068407078893442,27.058607,9.129941,0.014497052205519544
182,-3.2115536443886836,8.24575757114211,27.828547,9.798053,0.03173896618601349
183,-3.2868746206239563,8.086902025456325,27.924318,9.882218,0.008372109952486224
184,0.36892812581221784,8.790656297485052,23.575037,14.022032,0.011658115726378229
185,-1.5143971400561707,10.341593008998897,25.75009,11.58461,0.05097209869159593
186,-2.393355470786568,10.522917417166466,26.815613,10.927022,0.060416964089704886
187,-4.003621401039717,10.725587562764755,26.960712,11.832132,-0.003791048398448361
188,-2.689975450058021,10.454702312208381,26.501194,12.682295,0.032192027299768396
189,-2.591455732340258,10.55146687559895,26.646765,12.398055,0.06817965892453988
190,-3.189240469662106,10.570605251937073,27.428095,12.0437,0.016411522092918556
191,-4.0074992950596995,10.43615387791729,28.14448,12.202325,0.029702529932061832
192,-4.337964782435826,10.881433946900707,28.316835,12.671487,0.016633249819278717
193,-4.464574336687722,11.243748922103464,27.879208,13.070565,-0.009021817499564754
194,-4.6375984493818265,11.216676890553883,28.505878,13.3385105,-0.0362360707949847
195,-4.519988513906404,10.59894612320061,27.577444,13.611444,0.01260986075633102
196,-4.100584666655394,10.230443666994685,27.686783,14.0276985,-0.017841542657050822
197,-0.20075197416383286,8.076059256887188,23.157919,14.66389,0.00453222936226262
198,1.1936698480164727,6.059430643166986,18.44632,10.688977,0.07477711906863584
199,2.3374926056020757,6.746540176534684,17.30075,11.062063,-0.020825095888641145
200,3.1102502956591542,6.447242004368084,17.228819,11.763778,0.02214817940774891
201,1.7365299210237033,7.170458598553752,17.724546,11.427185,0.023228100811441738
202,1.0135854450942403,6.845885126017588,17.722038,11.928342,0.007510369022687276
203,-0.21148178233823064,7.432937542279165,18.11487,11.816742,0.026492108694381185
204,1.8190105177141078,7.049464758720274,18.481672,12.590834,0.0585370478220284
205,2.9900748359805607,9.058211174951154,20.327738,10.605642,0.11154597169823116
206,2.4492097441054654,9.383056159143742,20.774115,9.407913,0.06693042711251312
207,3.0810135335454474,8.298104939214026,20.467152,8.374428,0.03637097424103154
208,6.248840404669533,7.04121131247702,19.444262,7.936417,0.03197601065039635
209,13.968601960994349,3.0853449902765737,15.286056,0.73727214,-0.003445494713054763
210,17.52307800704757,-14.441269154218185,18.314518,-1.5855424,0.05909651336777541
211,19.56021348134739,-14.99777162771871,18.38421,-2.041768,0.009045162652101781
212,21.042457460499136,-8.88133194481469,18.315401,-2.9275827,0.04329516086727381
213,23.355217488217555,-0.8154917178847372,13.983306,-0.62978303,0.05577761431535085
214,16.600777971493486,2.7808824396954575,12.233288,-6.0031013,-0.009929547707239786
215,12.179971558376343,2.999562957675824,9.310269,-5.5585876,0.023244500832839146
216,8.426124290186547,4.124517818489726,9.495682,-5.9003124,0.020680032670497894
217,11.134811985046714,-1.495747314113939,10.490465,1.539587,0.022078205313947465
218,4.7124511418226,-10.153744058033734,-2.817043,-11.7667465,0.04503801087331441
219,7.708294621131932,-7.269859400795096,-0.07236753,-8.125138,0.013708500450270044
220,9.262572457093578,-6.384647962995115,11.893748,-1.0597067,-3.264544324742423e-06
221,15.678557025486544,-10.072187915268065,12.895475,-1.666425,0.05341456225141883
222,10.503351460690787,-8.088107945822895,6.153481,-5.9027357,0.026224166568782594
223,5.324001938852571,-6.984319498556306,-0.36298153,-10.082082,-0.012831082981493738
224,-0.36581988188795833,-5.124202516276785,-6.320533,-14.091237,-0.015613259023262395
225,-2.5474516640079354,-4.401202046288905,-6.6919665,-14.365656,0.04768877000444465
226,-3.008509026001639,-3.743821389651347,-6.8216224,-14.3741665,0.030557924881577492
227,-1.3080178304113246,-3.0913762447528663,-8.228349,-13.956561,0.1124756137530009
228,-1.7996127367440342,-3.1601740251842223,-9.029425,-13.760739,0.018188263703551557
229,-3.844213470652813,-4.446203929597438,-13.292438,-14.018593,-0.00022104734347926246
230,-6.351153599043898,-2.9602741009833626,-13.980133,-13.033499,0.01426503351993031
231,-8.133391809570195,-3.7240424731988955,-15.547827,-11.871414,0.0009355387753910489
232,-8.287840626667426,-3.41565808282397,-15.963792,-11.310826,0.00178008195426729
233,-7.663009856990751,-2.2647407176007053,-16.157227,-9.6817665,-0.015105992555618286
234,-8.171608036377837,-3.793537689150486,-16.461946,-11.002117,0.016347743881245453
235,-8.466619394255563,-3.118275351478175,-17.251402,-10.3365555,-0.028052164759072993
236,-8.296905231964585,-2.976680411040752,-18.421167,-10.102861,-0.0092747596402963
237,-6.0744938191039966,-5.5394722461829256,-17.9015,-8.337606,0.03911417267388768
238,-2.895229764947376,-5.717424734467517,-9.50181,-5.0650606,-0.03991980550603734
239,-1.7813625244689262,-5.354724682816514,-7.891437,-9.560809,0.12090831291344431
240,-4.370459356582866,-4.594012599829813,-13.270695,-15.687726,0.023766019174622163
241,-5.672103921332789,-4.198491585204155,-14.733026,-14.411904,0.039990387546519436
242,-6.98850198781813,-3.819872210877709,-15.365393,-13.555848,0.057702490439017616
243,-6.783829209780062,-4.22550908575747,-15.4758415,-13.308546,0.045055449215902224
244,-5.626451857068611,-4.525556916260968,-16.267603,-13.8893385,-0.0014985457269681825
245,-5.442677911143973,-4.802202643645811,-16.602045,-13.142644,0.07185874755183856
246,-5.188161757745979,-4.849746114159475,-17.054502,-12.973316,0.026742791550026998
247,-5.607236938838038,-4.3851223876080025,-17.582294,-12.454274,0.0450123366382387
248,-5.884477916987965,-4.4527562156114895,-17.809452,-12.291823,-0.013152782287862565
249,-7.393924272997712,-4.029557955717455,-18.849825,-11.810678,0.05833199516766601
250,-8.166586248595664,-3.3327140099756023,-19.22751,-11.181212,0.003865634815560447
251,-8.796016963796118,-3.070114563201764,-19.488642,-10.52671,0.016620790689355798
252,-8.73234825902761,-3.1060722397578173,-19.909111,-10.485865,0.007293717728720771
253,-6.934457398430434,-4.770069308990433,-18.699997,-8.709889,0.06965441096367107
254,-4.939104768940934,-3.838670956138242,-16.773718,-5.523523,0.05451619185300337
255,-3.308898361309268,-4.2445589916110995,-8.515034,-9.205629,0.014872610775960816
256,-4.061112465668709,-4.042492742280521,-10.784026,-9.312339,0.05377855855557653
257,-4.058439654928543,-3.246235292827174,-11.770391,-9.105854,0.007698801139162647
258,-6.188170537938319,-3.5007029674145294,-12.521862,-10.037154,-0.01072780042886734
259,-6.5992422478336215,-2.94048305659261,-12.941288,-9.73211,0.05675665164987246
260,-4.40390955442552,-4.346155049819747,-13.499923,-6.419567,0.012971937242481444
261,-2.1952587140781956,-4.8611753620448725,-10.451004,-5.062309,0.006944088265299797
262,-3.6631100205066165,-5.452458972898632,-13.114778,-16.345545,0.022346911589718528
263,-6.6736585270483495,-4.646528019118248,-14.967644,-17.014553,-0.02974578572644128
264,-9.58759668939891,-4.3992759046499454,-17.622105,-17.41287,-0.0013292618095874786
265,-10.301236435542778,-3.5397905158124883,-18.301435,-17.493835,0.027160597861640982
266,-10.498704421822708,-3.144501000533646,-19.08328,-17.68773,-0.0205256130753292
267,-10.341884264242422,-3.3539696647707014,-18.89684,-17.114567,0.02255399783866273
268,-10.227130709892624,-3.4948482994092167,-18.669176,-16.475676,-0.011929000520871745
269,-9.648074110514344,-4.000612126486767,-19.534105,-16.750025,-0.042728659593396716
270,-8.049597979135678,-3.239601244266855,-21.015305,-16.926735,0.04123347563048204
271,-7.90864707354044,-3.7695456217231977,-20.64912,-16.213821,0.019293937004274793
272,-8.221923830349365,-3.6874739191944674,-20.351286,-15.4365,-0.010864992522531085
273,-9.49021319293357,-3.4535457750128478,-20.961325,-15.392852,-0.0169865722871489
274,-10.100021819766727,-2.864790865002797,-21.198664,-14.630647,0.002516609306136767
275,-10.523375722986138,-3.447695184275926,-21.800222,-14.937047,0.026106384065416124
276,-10.372301473689559,-3.5820214293467223,-22.243357,-15.242975,-0.014194886044909557
277,-10.03820413308012,-3.654934165915251,-22.345755,-14.114978,0.09592963211859266
278,-9.66659192561831,-3.484651520436256,-22.799372,-13.680924,-0.007822499558743503
279,-9.185801842046715,-3.7651348648145455,-23.393238,-14.048244,-0.02860157760894961
280,-8.964158161957089,-3.9451633391730643,-23.787573,-13.4642,0.023267255268163152
281,-8.280285503394087,-3.335116410356688,-24.505482,-13.630544,0.01053482149210241
282,-5.4753584529925,-5.093760958044977,-25.392809,-14.232571,0.05420896038413048
283,-5.5925075610401525,-4.726818218858689,-25.806772,-13.598053,0.06358798572586642
284,-6.392698996912752,-4.202108689537009,-25.826294,-12.770378,0.025193905871775415
285,-7.77103678830923,-3.5288972610238334,-25.253618,-12.731003,0.03358578888906373
286,-6.684664030713967,-3.8887655812391198,-26.34618,-10.29243,0.011175141152408388
287,-6.60817627604198,-3.181550731220426,-17.665709,-3.4270608,0.06423030209003223
288,-6.891709177981589,-2.478739239797971,-17.101082,-1.716277,0.012100691156875756
289,-7.646045499269276,-1.5870266491102736,-16.743284,-1.2863889,-0.027899706322285864
290,-8.129930388835596,-0.1372950625073141,-16.655193,-0.8775064,0.017939326599136822
291,-4.881309646115719,-2.0148982375523348,-16.169775,-1.0688953,-0.029384319773978658
292,-0.7034537290020506,-3.9343147102271856,-8.874694,-7.0897646,0.1337595966955026
293,0.85481324424007,-4.9200495238399045,-8.058234,-7.6297297,-0.012146992220853766
294,-0.852192128002777,-4.190163524699514,-5.3333383,-10.083551,0.03427224068178071
295,-0.12286347212924306,-4.020882436358047,-6.3515835,-8.355863,0.02342777554359701
296,-0.35921379239106094,-4.747111779021003,-6.7364874,-6.0304246,0.08843645308580664
297,3.81202181293907,-5.112377169714521,-5.1853456,-5.173225,-0.013558417869110903
298,1.783187472946921,-4.969701276287575,-4.151414,-9.200758,0.15228586519757906
299,-0.5489126907601786,-3.768173051621023,-5.2262473,-10.462601,0.06760637079262072
300,-4.076010102870764,-3.203512850657466,-12.454315,-12.398105,-0.009927286559508907
301,-5.998184921146833,-3.075601196651915,-13.663321,-10.939969,0.07903064528687133
302,-6.343380659371329,-2.9742801944819575,-14.575032,-10.649559,0.09597125297619237
303,-6.426515195600867,-2.2640197172630696,-14.685475,-9.227261,0.0003785358534918891
304,-4.718011993850399,-2.94369818134679,-14.398541,-7.227198,0.06292147272162968
305,-1.187137906616893,-5.43949389814048,-8.956041,-5.007521,-0.0164595402052833
306,0.40460712192939663,-4.512650842760897,-6.561266,-5.886535,0.015144037910633616
307,-0.7340113944337853,-4.580139425963847,-5.986405,-9.950965,-0.011599416948027082
308,-3.769506540129272,-2.0934085176763384,-10.839797,-13.492297,0.017877068370580673
309,-5.420110240065792,-2.670509224100364,-12.924639,-12.158368,-0.03710073677615987
310,-6.385974414315244,-1.7400805649912545,-13.3387,-8.996049,0.07805047722326384
311,-5.785463852257844,-3.1945517717844942,-14.062889,-10.277364,0.0738213469998704
312,-5.411086142755994,-3.0838832616945067,-14.403791,-9.597395,0.017554017973856792
313,-1.9837076379592649,-5.046279821775548,-13.172527,-6.2545495,0.07360148264302148
314,2.8710489837739837,-5.990476620868739,-7.592771,-4.721126,0.10869428060121006
315,3.650658643879386,-6.07769477797648,-3.5592897,-8.888102,0.10322427997986476
316,1.626068144904495,-5.3101118243620125,-4.4649014,-9.935214,0.1271970123052597
317,-0.6652647437109849,-3.475285429928138,-5.281874,-8.37109,0.0016485401946637365
318,-0.42071001272512515,-4.066571591554038,-5.327733,-7.9350896,0.06347171351727512
319,-0.07081172763598537,-3.882929027906144,-4.9574165,-7.4013295,0.035102552786055535
320,1.721692720288605,-4.405276796881658,-4.568579,-7.5594096,0.08918145505918397
321,-1.9336019640517,-3.9273599122123715,-4.49546,-13.299289,0.058113271163569555
322,-4.450590460509396,-2.563389310364523,-4.921091,-13.986264,-0.007281515126427014
323,-2.4185921143166746,-3.3469571624606065,-7.8381796,-15.547255,0.04313065339293745
324,-2.6771035430674064,-3.3141878868485897,-21.890554,-5.4138756,-0.02816155304511388
325,-3.1141293271145174,-2.910650277428287,-23.40606,-5.8606906,0.09228316063268317
326,-4.820921525520148,-2.328516278262274,-22.777979,-6.420302,-0.040185551469524704
327,-5.358361196868947,-1.8215527944410554,-22.17473,-6.7690554,0.02301509574883514
328,-6.123370758789323,-2.2031702354648894,-22.452122,-7.2777953,0.012199656727413336
329,-6.659420528728329,-2.329630295305328,-22.37754,-7.8211007,0.002351579566796621
330,-7.133678940548486,-2.452329246125004,-21.848085,-8.209362,0.007742619866298305
331,-6.920965286581924,-2.46509324657814,-22.523008,-8.554745,0.00042027322989371087
332,-7.13030289301399,-2.460877127934633,-22.092068,-9.014744,-0.02546929123087062
333,-6.419992731384164,-2.2287275402549307,-23.095707,-9.369811,-0.031260686512622565
334,-6.8326870704533,-2.0643043959055944,-22.609585,-9.833787,-0.033736993455224566
335,-7.300717332107814,-2.2887446887569767,-22.203081,-10.467828,0.09667795068687862
336,-7.051273740723749,-2.689616068121458,-23.138548,-10.507048,-0.017084302380681038
337,-7.269437885078108,-3.0099378537811043,-22.68038,-11.218542,-0.033532743652661644
338,-7.277587346645444,-3.783158482051469,-23.159746,-11.522048,0.00020142127242353227
339,-7.042550903875066,-3.423588538765364,-23.716688,-11.413963,0.0012505289891527758
340,-4.10769423683577,-3.404743069771706,-26.246532,-9.993814,-0.0006283858221852117
341,-4.904415816339775,-1.7500383794283378,-17.557348,-3.488965,0.04500263887974951
342,-5.362559724606355,-1.6270785882879166,-17.078136,-2.0766125,0.03237195442327195
343,-0.27481197947807356,-5.175652447294497,-11.7478695,-3.1719253,0.0542157387567891
344,1.7615085914253732,-5.248882138443626,-11.628318,-3.1779583,0.02734634280204773
345,-0.8401681685093284,-3.1965826622790217,-4.2958736,-12.8225975,0.029253766147626772
346,-1.3358306501799877,-2.967730856204109,-8.343381,-11.396924,0.006038813955254025
347,-3.564977247555914,-2.409494553121442,-10.66465,-10.199713,0.1271411371934745
348,-4.013445163192484,-3.054154659044111,-10.462231,-11.436168,-0.0034277517762449053
349,-5.114790735376575,-2.219487885692785,-11.355829,-10.724838,0.0015782435528106159
350,0.8925195210530822,-2.242065020000649,2.9246387,14.01964,0.02480691174666087
351,14.643284954372973,2.398004659787858,14.534016,2.7414522,0.016790475748065446
352,20.257741858742012,-2.6236541950834913,15.708275,-4.3999853,0.13536181290530497
353,18.473213720691255,0.7610170760661938,17.889217,-5.1669555,0.16547497361898422
354,13.410789415326104,-0.6519981729620175,18.364277,-4.746193,0.02131916820589039
355,4.571488936006777,2.968190691133845,21.76504,1.6805029,0.031093892434404954
356,0.8629641917642075,4.723829322076279,24.392197,18.393463,0.11094561139018172
357,-0.6490070533641257,4.752707044749721,25.354494,17.873648,-0.029178583787547216
358,-0.8008260793478598,4.581152568041178,25.543768,18.185835,-0.04877849854528904
359,-1.2451874603484876,3.9480860391802444,25.678577,18.660667,0.02643905445519421
360,-2.1367717448825743,4.194171192875832,26.075466,18.50843,0.01807646153287755
361,-2.1334306739391953,4.8938560187127855,26.516281,18.036953,0.06611698224312729
362,-2.3992248606710826,4.7787346619109154,26.7623,17.92144,-0.0012857834291126993
