segment,t_start,shot,split,block
0,1.0,0,train,0
1,5.0,0,train,0
2,9.0,1,train,0
3,13.0,1,train,0
4,17.0,2,train,0
5,21.0,2,train,0
6,25.0,3,train,0
7,29.0,3,train,0
8,33.0,4,train,0
9,37.0,4,train,0
10,41.0,4,train,0
11,45.0,4,train,0
12,49.0,5,train,0
13,53.0,5,train,0
14,57.0,6,train,0
15,61.0,6,train,0
16,65.0,6,train,0
17,69.0,6,train,0
18,73.0,6,train,0
19,77.0,6,train,0
20,81.0,6,train,0
21,85.0,7,train,0
22,89.0,7,train,0
23,93.0,7,train,0
24,97.0,8,buffer,0
25,101.0,8,val,0
26,105.0,9,val,0
27,109.0,9,val,0
28,113.0,10,val,0
29,117.0,10,val,0
30,121.0,11,val,0
31,125.0,11,val,0
32,129.0,12,buffer,0
33,133.0,12,test,0
34,137.0,12,test,0
35,141.0,13,test,0
36,145.0,13,test,0
37,149.0,14,buffer,1
38,153.0,14,train,1
39,157.0,14,train,1
40,161.0,15,train,1
41,165.0,15,train,1
42,169.0,15,train,1
43,173.0,15,train,1
44,177.0,15,train,1
45,181.0,15,train,1
46,185.0,15,train,1
47,189.0,15,train,1
48,193.0,15,train,1
49,197.0,15,train,1
50,201.0,16,train,1
51,205.0,16,train,1
52,209.0,16,train,1
53,213.0,16,train,1
54,217.0,17,train,1
55,221.0,17,train,1
56,225.0,18,buffer,1
57,229.0,18,val,1
58,233.0,19,val,1
59,237.0,19,val,1
60,241.0,19,val,1
61,245.0,20,val,1
62,249.0,20,val,1
63,253.0,21,buffer,1
64,257.0,21,test,1
65,261.0,22,test,1
66,265.0,22,test,1
67,269.0,22,test,1
68,273.0,22,test,1
69,277.0,22,test,1
70,281.0,22,test,1
71,285.0,23,test,1
72,289.0,23,test,1
73,293.0,24,buffer,2
74,297.0,24,train,2
75,301.0,25,train,2
76,305.0,25,train,2
77,309.0,25,train,2
78,313.0,25,train,2
79,317.0,25,train,2
80,321.0,25,train,2
81,325.0,25,train,2
82,329.0,26,train,2
83,333.0,26,train,2
84,337.0,26,train,2
85,341.0,26,train,2
86,345.0,26,train,2
87,349.0,27,train,2
88,353.0,27,train,2
89,357.0,28,train,2
90,361.0,28,train,2
91,365.0,29,train,2
92,369.0,29,train,2
93,373.0,29,train,2
94,377.0,29,train,2
95,381.0,30,buffer,2
96,385.0,30,val,2
97,389.0,31,buffer,2
98,393.0,31,test,2
99,397.0,31,test,2
100,401.0,31,test,2
101,405.0,31,test,2
102,409.0,31,test,2
103,413.0,31,test,2
104,417.0,31,test,2
105,421.0,31,test,2
106,425.0,31,test,2
107,429.0,31,test,2
108,433.0,32,buffer,2
109,437.0,32,train,3
110,441.0,33,train,3
111,445.0,33,train,3
112,449.0,33,train,3
113,453.0,34,train,3
114,457.0,34,train,3
115,461.0,34,train,3
116,465.0,34,train,3
117,469.0,35,train,3
118,473.0,35,train,3
119,477.0,35,train,3
120,481.0,36,train,3
121,485.0,36,train,3
122,489.0,37,train,3
123,493.0,37,train,3
124,497.0,37,train,3
125,501.0,37,train,3
126,505.0,37,train,3
127,509.0,37,train,3
128,513.0,38,buffer,3
129,517.0,38,val,3
130,521.0,39,val,3
131,525.0,39,val,3
132,529.0,40,val,3
133,533.0,40,val,3
134,537.0,41,val,3
135,541.0,41,val,3
136,545.0,42,buffer,3
137,549.0,42,test,3
138,553.0,43,test,3
139,557.0,43,test,3
140,561.0,44,test,3
141,565.0,44,test,3
142,569.0,44,test,3
143,573.0,44,test,3
144,577.0,45,buffer,3
145,581.0,45,train,3
146,585.0,45,train,4
147,589.0,45,train,4
148,593.0,45,train,4
149,597.0,46,train,4
150,601.0,46,train,4
151,605.0,47,train,4
152,609.0,47,train,4
153,613.0,48,train,4
154,617.0,48,train,4
155,621.0,48,train,4
156,625.0,49,train,4
157,629.0,49,train,4
158,633.0,50,train,4
159,637.0,50,train,4
160,641.0,51,train,4
161,645.0,51,train,4
162,649.0,52,train,4
163,653.0,52,train,4
164,657.0,52,train,4
165,661.0,53,train,4
166,665.0,53,train,4
167,669.0,53,train,4
168,673.0,53,train,4
169,677.0,54,buffer,4
170,681.0,54,val,4
171,685.0,55,val,4
172,689.0,55,val,4
173,693.0,55,val,4
174,697.0,55,val,4
175,701.0,56,val,4
176,705.0,56,val,4
177,709.0,56,val,4
178,713.0,57,buffer,4
179,717.0,57,test,4
180,721.0,57,test,4
181,725.0,57,test,4
182,729.0,57,test,5
183,733.0,57,test,5
184,737.0,58,buffer,5
185,741.0,58,train,5
186,745.0,58,train,5
187,749.0,58,train,5
188,753.0,58,train,5
189,757.0,58,train,5
190,761.0,58,train,5
191,765.0,58,train,5
192,769.0,58,train,5
193,773.0,58,train,5
194,777.0,58,train,5
195,781.0,58,train,5
196,785.0,58,train,5
197,789.0,59,train,5
198,793.0,59,train,5
199,797.0,59,train,5
200,801.0,59,train,5
201,805.0,59,train,5
202,809.0,59,train,5
203,813.0,59,train,5
204,817.0,60,buffer,5
205,821.0,60,val,5
206,825.0,60,val,5
207,829.0,60,val,5
208,833.0,60,val,5
209,837.0,61,val,5
210,841.0,61,val,5
211,845.0,62,buffer,5
212,849.0,62,test,5
213,853.0,63,test,5
214,857.0,63,test,5
215,861.0,63,test,5
216,865.0,64,test,5
217,869.0,64,test,5
218,873.0,65,buffer,6
219,877.0,65,train,6
220,881.0,65,train,6
221,885.0,66,train,6
222,889.0,66,train,6
223,893.0,66,train,6
224,897.0,66,train,6
225,901.0,66,train,6
226,905.0,67,train,6
227,909.0,67,train,6
228,913.0,67,train,6
229,917.0,67,train,6
230,921.0,67,train,6
231,925.0,67,train,6
232,929.0,67,train,6
233,933.0,67,train,6
234,937.0,67,train,6
235,941.0,67,train,6
236,945.0,67,train,6
237,949.0,68,train,6
238,953.0,68,train,6
239,957.0,69,buffer,6
240,961.0,69,val,6
241,965.0,69,val,6
242,969.0,69,val,6
243,973.0,69,val,6
244,977.0,69,val,6
245,981.0,69,val,6
246,985.0,69,val,6
247,989.0,69,val,6
248,993.0,69,val,6
249,997.0,69,val,6
250,1001.0,69,val,6
251,1005.0,69,val,6
252,1009.0,69,val,6
253,1013.0,70,buffer,6
254,1017.0,70,test,6
255,1021.0,71,buffer,7
256,1025.0,71,train,7
257,1029.0,71,train,7
258,1033.0,71,train,7
259,1037.0,71,train,7
260,1041.0,72,train,7
261,1045.0,72,train,7
262,1049.0,72,train,7
263,1053.0,72,train,7
264,1057.0,72,train,7
265,1061.0,72,train,7
266,1065.0,72,train,7
267,1069.0,72,train,7
268,1073.0,72,train,7
269,1077.0,72,train,7
270,1081.0,72,train,7
271,1085.0,72,train,7
272,1089.0,72,train,7
273,1093.0,72,train,7
274,1097.0,72,train,7
275,1101.0,72,train,7
276,1105.0,72,train,7
277,1109.0,72,train,7
278,1113.0,72,train,7
279,1117.0,72,train,7
280,1121.0,72,train,7
281,1125.0,72,train,7
282,1129.0,72,train,7
283,1133.0,72,train,7
284,1137.0,72,train,7
285,1141.0,72,train,7
286,1145.0,73,buffer,7
287,1149.0,73,test,7
288,1153.0,73,test,7
289,1157.0,73,test,7
290,1161.0,73,test,7
291,1165.0,74,buffer,8
292,1169.0,74,train,8
293,1173.0,75,train,8
294,1177.0,75,train,8
295,1181.0,76,train,8
296,1185.0,76,train,8
297,1189.0,77,train,8
298,1193.0,77,train,8
299,1197.0,77,train,8
300,1201.0,77,train,8
301,1205.0,77,train,8
302,1209.0,77,train,8
303,1213.0,77,train,8
304,1217.0,78,train,8
305,1221.0,78,train,8
306,1225.0,78,train,8
307,1229.0,79,train,8
308,1233.0,79,train,8
309,1237.0,79,train,8
310,1241.0,79,train,8
311,1245.0,79,train,8
312,1249.0,79,train,8
313,1253.0,80,buffer,8
314,1257.0,80,val,8
315,1261.0,81,val,8
316,1265.0,81,val,8
317,1269.0,82,buffer,8
318,1273.0,82,test,8
319,1277.0,83,test,8
320,1281.0,83,test,8
321,1285.0,83,test,8
322,1289.0,83,test,8
323,1293.0,84,buffer,8
324,1297.0,84,train,8
325,1301.0,84,train,8
326,1305.0,84,train,8
327,1309.0,84,train,9
328,1313.0,84,train,9
329,1317.0,84,train,9
330,1321.0,84,train,9
331,1325.0,84,train,9
332,1329.0,84,train,9
333,1333.0,84,train,9
334,1337.0,84,train,9
335,1341.0,84,train,9
336,1345.0,84,train,9
337,1349.0,84,train,9
338,1353.0,84,train,9
339,1357.0,84,train,9
340,1361.0,85,train,9
341,1365.0,85,train,9
342,1369.0,85,train,9
343,1373.0,86,train,9
344,1377.0,86,train,9
345,1381.0,86,train,9
346,1385.0,87,buffer,9
347,1389.0,87,val,9
348,1393.0,87,val,9
349,1397.0,87,val,9
350,1401.0,88,val,9
351,1405.0,88,val,9
352,1409.0,89,buffer,9
353,1413.0,89,test,9
354,1417.0,90,test,9
355,1421.0,90,test,9
356,1425.0,90,test,9
357,1429.0,90,test,9
358,1433.0,90,test,9
359,1437.0,90,test,9
360,1441.0,90,test,9
361,1445.0,90,test,9
362,1449.0,90,test,9
