target,model,val_roc_auc,balanced_accuracy,roc_auc,pr_auc,f1,accuracy,brier,ba_ci95_low,ba_ci95_high
audience,logreg,0.6479591836734694,0.4722222222222222,0.5588235294117647,0.5016826249732527,0.42857142857142855,0.47540983606557374,0.291958673503961,0.3546984600648394,0.5536443358251869
audience,svm,0.6498724489795918,0.43572984749455335,0.4950980392156863,0.5076034419746898,0.4444444444444444,0.4262295081967213,0.26604360924649334,0.3243848128019324,0.5303708313576734
audience,rf,0.6926020408163265,0.5904139433551199,0.537037037037037,0.5008716148119001,0.5614035087719298,0.5901639344262295,0.2614096359557344,0.49898648648648647,0.6601329495614036
audience,xgb,0.6275510204081632,0.5354030501089324,0.5305010893246188,0.46882087362374514,0.5396825396825397,0.5245901639344263,0.3337949222580435,0.4012816722972973,0.6353685897435896
audience,mlp,0.4744897959183673,0.4831154684095861,0.5196078431372548,0.49238178953142797,0.41509433962264153,0.4918032786885246,0.2707840047826958,0.3636011166253102,0.6071665782299233
individual,logreg,0.5940833451856066,0.4949029902457225,0.4953227439901924,0.47776659733470217,0.47438330170777987,0.49544626593806923,0.283378321543872,0.4366878240631201,0.5490796390226556
individual,svm,0.6276489830749536,0.5448536858376419,0.5488713288204253,0.5389008200386911,0.5910543130990416,0.5336976320582878,0.254524746437651,0.4865111646597437,0.5901601462760871
individual,rf,0.6267956193998009,0.5651817600341134,0.5670406694739087,0.5075959629823941,0.5405405405405406,0.5664845173041895,0.2523410310974591,0.5155416663247551,0.6047398871923637
individual,xgb,0.5928032996728773,0.5129524012579287,0.5224268429188209,0.49130649326027254,0.527972027972028,0.5081967213114754,0.28070018925007695,0.4644936106024343,0.5589046995212572
individual,mlp,0.5808562082207367,0.4881269655135654,0.5051436490592186,0.48385702354545024,0.49733570159857904,0.48451730418943534,0.28387601011496794,0.4403894010529248,0.5370947661523394
individual_avg,logreg,0.6136098364325343,0.575268817204301,0.5745519713261648,0.5579879810634225,0.6060606060606061,0.5737704918032787,0.2655871806619257,0.5154163809962684,0.6193828148702649
individual_avg,svm,0.5734614585165407,0.5414575866188769,0.568100358422939,0.5540317425598289,0.5925925925925926,0.5391621129326047,0.2492188346197922,0.46955711309932824,0.6132567519138113
individual_avg,rf,0.610731816510241,0.5721624850657109,0.5951015531660693,0.5781690499753663,0.6143790849673203,0.5701275045537341,0.24558146226310842,0.5174312328517534,0.6131858843359482
individual_avg,xgb,0.5943271029531683,0.6121863799283154,0.6038231780167265,0.5697062280801386,0.6120218579234973,0.6120218579234973,0.25022765525057045,0.5395392358357801,0.673859962087492
individual_avg,mlp,0.5930319939881361,0.5403225806451613,0.5651997876012211,0.5287339276902876,0.5172413793103449,0.5409836065573771,0.26358987069617457,0.4707528746416794,0.6082217514253665
